คลอง,วัน-เวลา,ระดับน้ำด้านใน ม.รทก.
คลองสองต้นนุ่น,23/09/2569 00:00,0.14
คลองสองต้นนุ่น,23/09/2569 00:05,0.14
คลองสองต้นนุ่น,23/09/2569 00:10,0.14
คลองสองต้นนุ่น,23/09/2569 00:15,0.14
คลองสองต้นนุ่น,23/09/2569 00:20,0.14
คลองสองต้นนุ่น,23/09/2569 00:25,0.14
คลองสองต้นนุ่น,23/09/2569 00:30,0.14
คลองสองต้นนุ่น,23/09/2569 00:35,0.14
คลองสองต้นนุ่น,23/09/2569 00:40,0.14
คลองสองต้นนุ่น,23/09/2569 00:45,0.14
คลองสองต้นนุ่น,23/09/2569 00:50,0.14
คลองสองต้นนุ่น,23/09/2569 00:55,0.13
คลองสองต้นนุ่น,23/09/2569 01:00,0.14
คลองสองต้นนุ่น,23/09/2569 01:05,0.13
คลองสองต้นนุ่น,23/09/2569 01:10,0.13
คลองสองต้นนุ่น,23/09/2569 01:15,0.13
คลองสองต้นนุ่น,23/09/2569 01:20,0.13
คลองสองต้นนุ่น,23/09/2569 01:25,0.13
คลองสองต้นนุ่น,23/09/2569 01:30,0.13
คลองสองต้นนุ่น,23/09/2569 01:35,0.13
คลองสองต้นนุ่น,23/09/2569 01:40,0.13
คลองสองต้นนุ่น,23/09/2569 01:45,0.13
คลองสองต้นนุ่น,23/09/2569 01:50,0.13
คลองสองต้นนุ่น,23/09/2569 01:55,0.13
คลองสองต้นนุ่น,23/09/2569 02:00,0.13
คลองสองต้นนุ่น,23/09/2569 02:05,0.13
คลองสองต้นนุ่น,23/09/2569 02:10,0.13
คลองสองต้นนุ่น,23/09/2569 02:15,0.13
คลองสองต้นนุ่น,23/09/2569 02:20,0.13
คลองสองต้นนุ่น,23/09/2569 02:25,0.13
คลองสองต้นนุ่น,23/09/2569 02:30,0.13
คลองสองต้นนุ่น,23/09/2569 02:35,0.13
คลองสองต้นนุ่น,23/09/2569 02:40,0.13
คลองสองต้นนุ่น,23/09/2569 02:45,0.13
คลองสองต้นนุ่น,23/09/2569 02:50,0.13
คลองสองต้นนุ่น,23/09/2569 02:55,0.13
คลองสองต้นนุ่น,23/09/2569 03:00,0.13
คลองสองต้นนุ่น,23/09/2569 03:05,0.12
คลองสองต้นนุ่น,23/09/2569 03:10,0.12
คลองสองต้นนุ่น,23/09/2569 03:15,0.12
คลองสองต้นนุ่น,23/09/2569 03:20,0.12
คลองสองต้นนุ่น,23/09/2569 03:25,0.12
คลองสองต้นนุ่น,23/09/2569 03:30,0.12
คลองสองต้นนุ่น,23/09/2569 03:35,0.12
คลองสองต้นนุ่น,23/09/2569 03:40,0.12
คลองสองต้นนุ่น,23/09/2569 03:45,0.12
คลองสองต้นนุ่น,23/09/2569 03:50,0.12
คลองสองต้นนุ่น,23/09/2569 03:55,0.12
คลองสองต้นนุ่น,23/09/2569 04:00,0.12
คลองสองต้นนุ่น,23/09/2569 04:05,0.12
คลองสองต้นนุ่น,23/09/2569 04:10,0.12
คลองสองต้นนุ่น,23/09/2569 04:15,0.12
คลองสองต้นนุ่น,23/09/2569 04:20,0.12
คลองสองต้นนุ่น,23/09/2569 04:25,0.12
คลองสองต้นนุ่น,23/09/2569 04:30,0.12
คลองสองต้นนุ่น,23/09/2569 04:35,0.12
คลองสองต้นนุ่น,23/09/2569 04:40,0.12
คลองสองต้นนุ่น,23/09/2569 04:45,0.12
คลองสองต้นนุ่น,23/09/2569 04:50,0.12
คลองสองต้นนุ่น,23/09/2569 04:55,0.11
คลองสองต้นนุ่น,23/09/2569 05:00,0.11
คลองสองต้นนุ่น,23/09/2569 05:05,0.11
คลองสองต้นนุ่น,23/09/2569 05:10,0.11
คลองสองต้นนุ่น,23/09/2569 05:15,0.11
คลองสองต้นนุ่น,23/09/2569 05:20,0.11
คลองสองต้นนุ่น,23/09/2569 05:25,0.11
คลองสองต้นนุ่น,23/09/2569 05:30,0.11
คลองสองต้นนุ่น,23/09/2569 05:35,0.11
คลองสองต้นนุ่น,23/09/2569 05:40,0.11
คลองสองต้นนุ่น,23/09/2569 05:45,0.11
คลองสองต้นนุ่น,23/09/2569 05:50,0.11
คลองสองต้นนุ่น,23/09/2569 05:55,0.11
คลองสองต้นนุ่น,23/09/2569 06:00,0.11
คลองสองต้นนุ่น,23/09/2569 06:05,0.11
คลองสองต้นนุ่น,23/09/2569 06:10,0.11
คลองสองต้นนุ่น,23/09/2569 06:15,0.11
คลองสองต้นนุ่น,23/09/2569 06:20,0.11
คลองสองต้นนุ่น,23/09/2569 06:25,0.11
คลองสองต้นนุ่น,23/09/2569 06:30,0.11
คลองสองต้นนุ่น,23/09/2569 06:35,0.11
คลองสองต้นนุ่น,23/09/2569 06:40,0.11
คลองสองต้นนุ่น,23/09/2569 06:45,0.11
คลองสองต้นนุ่น,23/09/2569 06:50,0.11
คลองสองต้นนุ่น,23/09/2569 06:55,0.10
คลองสองต้นนุ่น,23/09/2569 07:00,0.10
คลองสองต้นนุ่น,23/09/2569 07:05,0.10
คลองสองต้นนุ่น,23/09/2569 07:10,0.10
คลองสองต้นนุ่น,23/09/2569 07:15,0.10
คลองสองต้นนุ่น,23/09/2569 07:20,0.10
คลองสองต้นนุ่น,23/09/2569 07:25,0.10
คลองสองต้นนุ่น,23/09/2569 07:30,0.10
คลองสองต้นนุ่น,23/09/2569 07:35,0.10
คลองสองต้นนุ่น,23/09/2569 07:40,0.10
คลองสองต้นนุ่น,23/09/2569 07:45,0.10
คลองสองต้นนุ่น,23/09/2569 07:50,0.10
คลองสองต้นนุ่น,23/09/2569 07:55,0.10
คลองสองต้นนุ่น,23/09/2569 08:00,0.10
คลองสองต้นนุ่น,23/09/2569 08:05,0.10
คลองสองต้นนุ่น,23/09/2569 08:10,0.10
คลองสองต้นนุ่น,23/09/2569 08:15,0.10
คลองสองต้นนุ่น,23/09/2569 08:20,0.10
คลองสองต้นนุ่น,23/09/2569 08:25,0.10
คลองสองต้นนุ่น,23/09/2569 08:30,0.10
คลองสองต้นนุ่น,23/09/2569 08:35,0.10
คลองสองต้นนุ่น,23/09/2569 08:40,0.10
คลองสองต้นนุ่น,23/09/2569 08:45,0.10
คลองสองต้นนุ่น,23/09/2569 08:50,0.10
คลองสองต้นนุ่น,23/09/2569 08:55,0.10
คลองสองต้นนุ่น,23/09/2569 09:00,0.10
คลองสองต้นนุ่น,23/09/2569 09:05,0.10
คลองสองต้นนุ่น,23/09/2569 09:10,0.10
คลองสองต้นนุ่น,23/09/2569 09:15,0.10
คลองสองต้นนุ่น,23/09/2569 09:20,0.09
คลองสองต้นนุ่น,23/09/2569 09:25,0.09
คลองสองต้นนุ่น,23/09/2569 09:30,0.09
คลองสองต้นนุ่น,23/09/2569 09:35,0.09
คลองสองต้นนุ่น,23/09/2569 09:40,0.09
คลองสองต้นนุ่น,23/09/2569 09:45,0.09
คลองสองต้นนุ่น,23/09/2569 09:50,0.09
คลองสองต้นนุ่น,23/09/2569 09:55,0.09
คลองสองต้นนุ่น,23/09/2569 10:00,0.09
คลองสองต้นนุ่น,23/09/2569 10:05,0.09
คลองสองต้นนุ่น,23/09/2569 10:10,0.09
คลองสองต้นนุ่น,23/09/2569 10:15,0.09
คลองสองต้นนุ่น,23/09/2569 10:20,0.09
คลองสองต้นนุ่น,23/09/2569 10:25,0.09
คลองสองต้นนุ่น,23/09/2569 10:30,0.09
คลองสองต้นนุ่น,23/09/2569 10:35,0.09
คลองสองต้นนุ่น,23/09/2569 10:40,0.09
คลองสองต้นนุ่น,23/09/2569 10:45,0.09
คลองสองต้นนุ่น,23/09/2569 10:50,0.09
คลองสองต้นนุ่น,23/09/2569 10:55,0.09
คลองสองต้นนุ่น,23/09/2569 11:00,0.09
คลองสองต้นนุ่น,23/09/2569 11:05,0.09
คลองสองต้นนุ่น,23/09/2569 11:10,0.09
คลองสองต้นนุ่น,23/09/2569 11:15,0.09
คลองสองต้นนุ่น,23/09/2569 11:20,0.09
คลองสองต้นนุ่น,23/09/2569 11:25,0.09
คลองสองต้นนุ่น,23/09/2569 11:30,0.09
คลองสองต้นนุ่น,23/09/2569 11:35,0.09
คลองสองต้นนุ่น,23/09/2569 11:40,0.09
คลองสองต้นนุ่น,23/09/2569 11:45,0.10
คลองสองต้นนุ่น,23/09/2569 11:50,0.10
คลองสองต้นนุ่น,23/09/2569 11:55,0.10
คลองสองต้นนุ่น,23/09/2569 12:00,0.10
คลองสองต้นนุ่น,23/09/2569 12:05,0.10
คลองสองต้นนุ่น,23/09/2569 12:10,0.10
คลองสองต้นนุ่น,23/09/2569 12:15,0.10
คลองสองต้นนุ่น,23/09/2569 12:20,0.10
คลองสองต้นนุ่น,23/09/2569 12:25,0.10
คลองสองต้นนุ่น,23/09/2569 12:30,0.10
คลองสองต้นนุ่น,23/09/2569 12:35,0.10
คลองสองต้นนุ่น,23/09/2569 12:40,0.10
คลองสองต้นนุ่น,23/09/2569 12:45,0.10
คลองสองต้นนุ่น,23/09/2569 12:50,0.10
คลองสองต้นนุ่น,23/09/2569 12:55,0.10
คลองสองต้นนุ่น,23/09/2569 13:00,0.10
คลองสองต้นนุ่น,23/09/2569 13:05,0.10
คลองสองต้นนุ่น,23/09/2569 13:10,0.10
คลองสองต้นนุ่น,23/09/2569 13:15,0.10
คลองสองต้นนุ่น,23/09/2569 13:20,0.10
คลองสองต้นนุ่น,23/09/2569 13:25,0.10
คลองสองต้นนุ่น,23/09/2569 13:30,0.10
คลองสองต้นนุ่น,23/09/2569 13:35,0.10
คลองสองต้นนุ่น,23/09/2569 13:40,0.10
คลองสองต้นนุ่น,23/09/2569 13:45,0.10
คลองสองต้นนุ่น,23/09/2569 13:50,0.10
คลองสองต้นนุ่น,23/09/2569 13:55,0.10
คลองสองต้นนุ่น,23/09/2569 14:00,0.10
คลองสองต้นนุ่น,23/09/2569 14:05,0.10
คลองสองต้นนุ่น,23/09/2569 14:10,0.10
คลองสองต้นนุ่น,23/09/2569 14:15,0.10
คลองสองต้นนุ่น,23/09/2569 14:20,0.10
คลองสองต้นนุ่น,23/09/2569 14:25,0.10
คลองสองต้นนุ่น,23/09/2569 14:30,0.10
คลองสองต้นนุ่น,23/09/2569 14:35,0.10
คลองสองต้นนุ่น,23/09/2569 14:40,0.10
คลองสองต้นนุ่น,23/09/2569 14:45,0.10
คลองสองต้นนุ่น,23/09/2569 14:50,0.10
คลองสองต้นนุ่น,23/09/2569 14:55,0.10
คลองสองต้นนุ่น,23/09/2569 15:00,0.10
คลองสองต้นนุ่น,23/09/2569 15:05,0.10
คลองสองต้นนุ่น,23/09/2569 15:10,0.10
คลองสองต้นนุ่น,23/09/2569 15:15,0.10
คลองสองต้นนุ่น,23/09/2569 15:20,0.10
คลองสองต้นนุ่น,23/09/2569 15:25,0.10
คลองสองต้นนุ่น,23/09/2569 15:30,0.10
คลองสองต้นนุ่น,23/09/2569 15:35,0.10
คลองสองต้นนุ่น,23/09/2569 15:40,0.10
คลองสองต้นนุ่น,23/09/2569 15:45,0.10
คลองสองต้นนุ่น,23/09/2569 15:50,0.10
คลองสองต้นนุ่น,23/09/2569 15:55,0.10
คลองสองต้นนุ่น,23/09/2569 16:00,0.10
คลองสองต้นนุ่น,23/09/2569 16:05,0.10
คลองสองต้นนุ่น,23/09/2569 16:10,0.10
คลองสองต้นนุ่น,23/09/2569 16:15,0.10
คลองสองต้นนุ่น,23/09/2569 16:20,0.10
คลองสองต้นนุ่น,23/09/2569 16:25,0.10
คลองสองต้นนุ่น,23/09/2569 16:30,0.10
คลองสองต้นนุ่น,23/09/2569 16:35,0.10
คลองสองต้นนุ่น,23/09/2569 16:40,0.10
คลองสองต้นนุ่น,23/09/2569 16:45,0.10
คลองสองต้นนุ่น,23/09/2569 16:50,0.10
คลองสองต้นนุ่น,23/09/2569 16:55,0.10
คลองสองต้นนุ่น,23/09/2569 17:00,0.10
คลองสองต้นนุ่น,23/09/2569 17:05,0.10
คลองสองต้นนุ่น,23/09/2569 17:10,0.10
คลองสองต้นนุ่น,23/09/2569 17:15,0.10
คลองสองต้นนุ่น,23/09/2569 17:20,0.10
คลองสองต้นนุ่น,23/09/2569 17:25,0.10
คลองสองต้นนุ่น,23/09/2569 17:30,0.10
คลองสองต้นนุ่น,23/09/2569 17:35,0.10
คลองสองต้นนุ่น,23/09/2569 17:40,0.10
คลองสองต้นนุ่น,23/09/2569 17:45,0.10
คลองสองต้นนุ่น,23/09/2569 17:50,0.10
คลองสองต้นนุ่น,23/09/2569 17:55,0.10
คลองสองต้นนุ่น,23/09/2569 18:00,0.09
คลองสองต้นนุ่น,23/09/2569 18:05,0.10
คลองสองต้นนุ่น,23/09/2569 18:10,0.10
คลองสองต้นนุ่น,23/09/2569 18:15,0.10
คลองสองต้นนุ่น,23/09/2569 18:20,0.09
คลองสองต้นนุ่น,23/09/2569 18:25,0.09
คลองสองต้นนุ่น,23/09/2569 18:30,0.09
คลองสองต้นนุ่น,23/09/2569 18:35,0.09
คลองสองต้นนุ่น,23/09/2569 18:40,0.09
คลองสองต้นนุ่น,23/09/2569 18:45,0.09
คลองสองต้นนุ่น,23/09/2569 18:50,0.09
คลองสองต้นนุ่น,23/09/2569 18:55,0.09
คลองสองต้นนุ่น,23/09/2569 19:00,0.09
คลองสองต้นนุ่น,23/09/2569 19:05,0.09
คลองสองต้นนุ่น,23/09/2569 19:10,0.09
คลองสองต้นนุ่น,23/09/2569 19:15,0.09
คลองสองต้นนุ่น,23/09/2569 19:20,0.09
คลองสองต้นนุ่น,23/09/2569 19:25,0.09
คลองสองต้นนุ่น,23/09/2569 19:30,0.09
คลองสองต้นนุ่น,23/09/2569 19:35,0.09
คลองสองต้นนุ่น,23/09/2569 19:40,0.09
คลองสองต้นนุ่น,23/09/2569 19:45,0.10
คลองสองต้นนุ่น,23/09/2569 19:50,0.09
คลองสองต้นนุ่น,23/09/2569 19:55,0.09
คลองสองต้นนุ่น,23/09/2569 20:00,0.09
คลองสองต้นนุ่น,23/09/2569 20:05,0.09
คลองสองต้นนุ่น,23/09/2569 20:10,0.09
คลองสองต้นนุ่น,23/09/2569 20:15,0.09
คลองสองต้นนุ่น,23/09/2569 20:20,0.09
คลองสองต้นนุ่น,23/09/2569 20:25,0.09
คลองสองต้นนุ่น,23/09/2569 20:30,0.09
คลองสองต้นนุ่น,23/09/2569 20:35,0.09
คลองสองต้นนุ่น,23/09/2569 20:40,0.09
คลองสองต้นนุ่น,23/09/2569 20:45,0.09
คลองสองต้นนุ่น,23/09/2569 20:50,0.09
คลองสองต้นนุ่น,23/09/2569 20:55,0.09
คลองสองต้นนุ่น,23/09/2569 21:00,0.09
คลองสองต้นนุ่น,23/09/2569 21:05,0.09
คลองสองต้นนุ่น,23/09/2569 21:10,0.09
คลองสองต้นนุ่น,23/09/2569 21:15,0.09
คลองสองต้นนุ่น,23/09/2569 21:20,0.09
คลองสองต้นนุ่น,23/09/2569 21:25,0.09
คลองสองต้นนุ่น,23/09/2569 21:30,0.09
คลองสองต้นนุ่น,23/09/2569 21:35,0.09
คลองสองต้นนุ่น,23/09/2569 21:40,0.09
คลองสองต้นนุ่น,23/09/2569 21:45,0.09
คลองสองต้นนุ่น,23/09/2569 21:50,0.09
คลองสองต้นนุ่น,23/09/2569 21:55,0.09
คลองสองต้นนุ่น,23/09/2569 22:00,0.09
คลองสองต้นนุ่น,23/09/2569 22:05,0.09
คลองสองต้นนุ่น,23/09/2569 22:10,0.09
คลองสองต้นนุ่น,23/09/2569 22:15,0.09
คลองสองต้นนุ่น,23/09/2569 22:20,0.09
คลองสองต้นนุ่น,23/09/2569 22:25,0.09
คลองสองต้นนุ่น,23/09/2569 22:30,0.09
คลองสองต้นนุ่น,23/09/2569 22:35,0.09
คลองสองต้นนุ่น,23/09/2569 22:40,0.09
คลองสองต้นนุ่น,23/09/2569 22:45,0.09
คลองสองต้นนุ่น,23/09/2569 22:50,0.08
คลองสองต้นนุ่น,23/09/2569 22:55,0.08
คลองสองต้นนุ่น,23/09/2569 23:00,0.08
คลองสองต้นนุ่น,23/09/2569 23:05,0.08
คลองสองต้นนุ่น,23/09/2569 23:10,0.08
คลองสองต้นนุ่น,23/09/2569 23:15,0.08
คลองสองต้นนุ่น,23/09/2569 23:20,0.08
คลองสองต้นนุ่น,23/09/2569 23:25,0.08
คลองสองต้นนุ่น,23/09/2569 23:30,0.08
คลองสองต้นนุ่น,23/09/2569 23:35,0.08
คลองสองต้นนุ่น,23/09/2569 23:40,0.08
คลองสองต้นนุ่น,23/09/2569 23:45,0.08
คลองสองต้นนุ่น,23/09/2569 23:50,0.08
คลองสองต้นนุ่น,23/09/2569 23:55,0.08
คลองสองต้นนุ่น,24/09/2569 00:00,0.08
คลองสองต้นนุ่น,24/09/2569 00:05,0.08
คลองสองต้นนุ่น,24/09/2569 00:10,0.08
คลองสองต้นนุ่น,24/09/2569 00:15,0.08
คลองสองต้นนุ่น,24/09/2569 00:20,0.08
คลองสองต้นนุ่น,24/09/2569 00:25,0.08
คลองสองต้นนุ่น,24/09/2569 00:30,0.08
คลองสองต้นนุ่น,24/09/2569 00:35,0.08
คลองสองต้นนุ่น,24/09/2569 00:40,0.08
คลองสองต้นนุ่น,24/09/2569 00:45,0.08
คลองสองต้นนุ่น,24/09/2569 00:50,0.08
คลองสองต้นนุ่น,24/09/2569 00:55,0.08
คลองสองต้นนุ่น,24/09/2569 01:00,0.08
คลองสองต้นนุ่น,24/09/2569 01:05,0.07
คลองสองต้นนุ่น,24/09/2569 01:10,0.07
คลองสองต้นนุ่น,24/09/2569 01:15,0.07
คลองสองต้นนุ่น,24/09/2569 01:20,0.07
คลองสองต้นนุ่น,24/09/2569 01:25,0.07
คลองสองต้นนุ่น,24/09/2569 01:30,0.07
คลองสองต้นนุ่น,24/09/2569 01:35,0.07
คลองสองต้นนุ่น,24/09/2569 01:40,0.07
คลองสองต้นนุ่น,24/09/2569 01:45,0.07
คลองสองต้นนุ่น,24/09/2569 01:50,0.07
คลองสองต้นนุ่น,24/09/2569 01:55,0.07
คลองสองต้นนุ่น,24/09/2569 02:00,0.07
คลองสองต้นนุ่น,24/09/2569 02:05,0.07
คลองสองต้นนุ่น,24/09/2569 02:10,0.07
คลองสองต้นนุ่น,24/09/2569 02:15,0.07
คลองสองต้นนุ่น,24/09/2569 02:20,0.07
คลองสองต้นนุ่น,24/09/2569 02:25,0.07
คลองสองต้นนุ่น,24/09/2569 02:30,0.07
คลองสองต้นนุ่น,24/09/2569 02:35,0.07
คลองสองต้นนุ่น,24/09/2569 02:40,0.07
คลองสองต้นนุ่น,24/09/2569 02:45,0.07
คลองสองต้นนุ่น,24/09/2569 02:50,0.07
คลองสองต้นนุ่น,24/09/2569 02:55,0.07
คลองสองต้นนุ่น,24/09/2569 03:00,0.07
คลองสองต้นนุ่น,24/09/2569 03:05,0.06
คลองสองต้นนุ่น,24/09/2569 03:10,0.06
คลองสองต้นนุ่น,24/09/2569 03:15,0.06
คลองสองต้นนุ่น,24/09/2569 03:20,0.06
คลองสองต้นนุ่น,24/09/2569 03:25,0.06
คลองสองต้นนุ่น,24/09/2569 03:30,0.06
คลองสองต้นนุ่น,24/09/2569 03:35,0.06
คลองสองต้นนุ่น,24/09/2569 03:40,0.07
คลองสองต้นนุ่น,24/09/2569 03:45,0.08
คลองสองต้นนุ่น,24/09/2569 03:50,0.08
คลองสองต้นนุ่น,24/09/2569 03:55,0.09
คลองสองต้นนุ่น,24/09/2569 04:00,0.10
คลองสองต้นนุ่น,24/09/2569 04:05,0.11
คลองสองต้นนุ่น,24/09/2569 04:10,0.12
คลองสองต้นนุ่น,24/09/2569 04:15,0.13
คลองสองต้นนุ่น,24/09/2569 04:20,0.13
คลองสองต้นนุ่น,24/09/2569 04:25,0.14
คลองสองต้นนุ่น,24/09/2569 04:30,0.14
คลองสองต้นนุ่น,24/09/2569 04:35,0.15
คลองสองต้นนุ่น,24/09/2569 04:40,0.15
คลองสองต้นนุ่น,24/09/2569 04:45,0.16
คลองสองต้นนุ่น,24/09/2569 04:50,0.16
คลองสองต้นนุ่น,24/09/2569 04:55,0.16
คลองสองต้นนุ่น,24/09/2569 05:00,0.16
คลองสองต้นนุ่น,24/09/2569 05:05,0.17
คลองสองต้นนุ่น,24/09/2569 05:10,0.17
คลองสองต้นนุ่น,24/09/2569 05:15,0.17
คลองสองต้นนุ่น,24/09/2569 05:20,0.17
คลองสองต้นนุ่น,24/09/2569 05:25,0.18
คลองสองต้นนุ่น,24/09/2569 05:30,0.18
คลองสองต้นนุ่น,24/09/2569 05:35,0.18
คลองสองต้นนุ่น,24/09/2569 05:40,0.18
คลองสองต้นนุ่น,24/09/2569 05:45,0.18
คลองสองต้นนุ่น,24/09/2569 05:50,0.18
คลองสองต้นนุ่น,24/09/2569 05:55,0.19
คลองสองต้นนุ่น,24/09/2569 06:00,0.19
คลองสองต้นนุ่น,24/09/2569 06:05,0.19
คลองสองต้นนุ่น,24/09/2569 06:10,0.19
คลองสองต้นนุ่น,24/09/2569 06:15,0.19
คลองสองต้นนุ่น,24/09/2569 06:20,0.19
คลองสองต้นนุ่น,24/09/2569 06:25,0.19
คลองสองต้นนุ่น,24/09/2569 06:30,0.19
คลองสองต้นนุ่น,24/09/2569 06:35,0.19
คลองสองต้นนุ่น,24/09/2569 06:40,0.20
คลองสองต้นนุ่น,24/09/2569 06:45,0.20
คลองสองต้นนุ่น,24/09/2569 06:50,0.20
คลองสองต้นนุ่น,24/09/2569 06:55,0.20
คลองสองต้นนุ่น,24/09/2569 07:00,0.20
คลองสองต้นนุ่น,24/09/2569 07:05,0.20
คลองสองต้นนุ่น,24/09/2569 07:10,0.20
คลองสองต้นนุ่น,24/09/2569 07:15,0.20
คลองสองต้นนุ่น,24/09/2569 07:20,0.20
คลองสองต้นนุ่น,24/09/2569 07:25,0.20
คลองสองต้นนุ่น,24/09/2569 07:30,0.20
คลองสองต้นนุ่น,24/09/2569 07:35,0.20
คลองสองต้นนุ่น,24/09/2569 07:40,0.20
คลองสองต้นนุ่น,24/09/2569 07:45,0.20
คลองสองต้นนุ่น,24/09/2569 07:50,0.20
คลองสองต้นนุ่น,24/09/2569 07:55,0.20
คลองสองต้นนุ่น,24/09/2569 08:00,0.20
คลองสองต้นนุ่น,24/09/2569 08:05,0.20
คลองสองต้นนุ่น,24/09/2569 08:10,0.21
คลองสองต้นนุ่น,24/09/2569 08:15,0.21
คลองสองต้นนุ่น,24/09/2569 08:20,0.21
คลองสองต้นนุ่น,24/09/2569 08:25,0.21
คลองสองต้นนุ่น,24/09/2569 08:30,0.21
คลองสองต้นนุ่น,24/09/2569 08:35,0.21
คลองสองต้นนุ่น,24/09/2569 08:40,0.21
คลองสองต้นนุ่น,24/09/2569 08:45,0.21
คลองสองต้นนุ่น,24/09/2569 08:50,0.21
คลองสองต้นนุ่น,24/09/2569 08:55,0.21
คลองสองต้นนุ่น,24/09/2569 09:00,0.21
คลองสองต้นนุ่น,24/09/2569 09:05,0.21
คลองสองต้นนุ่น,24/09/2569 09:10,0.21
คลองสองต้นนุ่น,24/09/2569 09:15,0.21
คลองสองต้นนุ่น,24/09/2569 09:20,0.21
คลองสองต้นนุ่น,24/09/2569 09:25,0.21
คลองสองต้นนุ่น,24/09/2569 09:30,0.21
คลองสองต้นนุ่น,24/09/2569 09:35,0.21
คลองสองต้นนุ่น,24/09/2569 09:40,0.21
คลองสองต้นนุ่น,24/09/2569 09:45,0.21
คลองสองต้นนุ่น,24/09/2569 09:50,0.21
คลองสองต้นนุ่น,24/09/2569 09:55,0.21
คลองสองต้นนุ่น,24/09/2569 10:00,0.21
คลองสองต้นนุ่น,24/09/2569 10:05,0.21
คลองสองต้นนุ่น,24/09/2569 10:10,0.21
คลองสองต้นนุ่น,24/09/2569 10:15,0.21
คลองสองต้นนุ่น,24/09/2569 10:20,0.21
คลองสองต้นนุ่น,24/09/2569 10:25,0.21
คลองสองต้นนุ่น,24/09/2569 10:30,0.21
คลองสองต้นนุ่น,24/09/2569 10:35,0.21
คลองสองต้นนุ่น,24/09/2569 10:40,0.21
คลองสองต้นนุ่น,24/09/2569 10:45,0.21
คลองสองต้นนุ่น,24/09/2569 10:50,0.21
คลองสองต้นนุ่น,24/09/2569 10:55,0.21
คลองสองต้นนุ่น,24/09/2569 11:00,0.21
คลองสองต้นนุ่น,24/09/2569 11:05,0.21
คลองสองต้นนุ่น,24/09/2569 11:10,0.21
คลองสองต้นนุ่น,24/09/2569 11:15,0.21
คลองสองต้นนุ่น,24/09/2569 11:20,0.21
คลองสองต้นนุ่น,24/09/2569 11:25,0.21
คลองสองต้นนุ่น,24/09/2569 11:30,0.21
คลองสองต้นนุ่น,24/09/2569 11:35,0.21
คลองสองต้นนุ่น,24/09/2569 11:40,0.21
คลองสองต้นนุ่น,24/09/2569 11:45,0.21
คลองสองต้นนุ่น,24/09/2569 11:50,0.21
คลองสองต้นนุ่น,24/09/2569 11:55,0.21
คลองสองต้นนุ่น,24/09/2569 12:00,0.21
คลองสองต้นนุ่น,24/09/2569 12:05,0.21
คลองสองต้นนุ่น,24/09/2569 12:10,0.21
คลองสองต้นนุ่น,24/09/2569 12:15,0.21
คลองสองต้นนุ่น,24/09/2569 12:20,0.21
คลองสองต้นนุ่น,24/09/2569 12:25,0.21
คลองสองต้นนุ่น,24/09/2569 12:30,0.21
คลองสองต้นนุ่น,24/09/2569 12:35,0.21
คลองสองต้นนุ่น,24/09/2569 12:40,0.21
คลองสองต้นนุ่น,24/09/2569 12:45,0.21
คลองสองต้นนุ่น,24/09/2569 12:50,0.21
คลองสองต้นนุ่น,24/09/2569 12:55,0.21
คลองสองต้นนุ่น,24/09/2569 13:00,0.21
คลองสองต้นนุ่น,24/09/2569 13:05,0.21
คลองสองต้นนุ่น,24/09/2569 13:10,0.21
คลองสองต้นนุ่น,24/09/2569 13:15,0.21
คลองสองต้นนุ่น,24/09/2569 13:20,0.21
คลองสองต้นนุ่น,24/09/2569 13:25,0.21
คลองสองต้นนุ่น,24/09/2569 13:30,0.21
คลองสองต้นนุ่น,24/09/2569 13:35,0.21
คลองสองต้นนุ่น,24/09/2569 13:40,0.21
คลองสองต้นนุ่น,24/09/2569 13:45,0.21
คลองสองต้นนุ่น,24/09/2569 13:50,0.21
คลองสองต้นนุ่น,24/09/2569 13:55,0.21
คลองสองต้นนุ่น,24/09/2569 14:00,0.21
คลองสองต้นนุ่น,24/09/2569 14:05,0.21
คลองสองต้นนุ่น,24/09/2569 14:10,0.21
คลองสองต้นนุ่น,24/09/2569 14:15,0.21
คลองสองต้นนุ่น,24/09/2569 14:20,0.21
คลองสองต้นนุ่น,24/09/2569 14:25,0.21
คลองสองต้นนุ่น,24/09/2569 14:30,0.21
คลองสองต้นนุ่น,24/09/2569 14:35,0.21
คลองสองต้นนุ่น,24/09/2569 14:40,0.21
คลองสองต้นนุ่น,24/09/2569 14:45,0.21
คลองสองต้นนุ่น,24/09/2569 14:50,0.21
คลองสองต้นนุ่น,24/09/2569 14:55,0.21
คลองสองต้นนุ่น,24/09/2569 15:00,0.21
คลองสองต้นนุ่น,24/09/2569 15:05,0.21
คลองสองต้นนุ่น,24/09/2569 15:10,0.21
คลองสองต้นนุ่น,24/09/2569 15:15,0.21
คลองสองต้นนุ่น,24/09/2569 15:20,0.21
คลองสองต้นนุ่น,24/09/2569 15:25,0.21
คลองสองต้นนุ่น,24/09/2569 15:30,0.21
คลองสองต้นนุ่น,24/09/2569 15:35,0.21
คลองสองต้นนุ่น,24/09/2569 15:40,0.21
คลองสองต้นนุ่น,24/09/2569 15:45,0.21
คลองสองต้นนุ่น,24/09/2569 15:50,0.21
คลองสองต้นนุ่น,24/09/2569 15:55,0.21
คลองสองต้นนุ่น,24/09/2569 16:00,0.21
คลองสองต้นนุ่น,24/09/2569 16:05,0.21
คลองสองต้นนุ่น,24/09/2569 16:10,0.21
คลองสองต้นนุ่น,24/09/2569 16:15,0.21
คลองสองต้นนุ่น,24/09/2569 16:20,0.21
คลองสองต้นนุ่น,24/09/2569 16:25,0.21
คลองสองต้นนุ่น,24/09/2569 16:30,0.21
คลองสองต้นนุ่น,24/09/2569 16:35,0.21
คลองสองต้นนุ่น,24/09/2569 16:40,0.21
คลองสองต้นนุ่น,24/09/2569 16:45,0.21
คลองสองต้นนุ่น,24/09/2569 16:50,0.21
คลองสองต้นนุ่น,24/09/2569 16:55,0.21
คลองสองต้นนุ่น,24/09/2569 17:00,0.21
คลองสองต้นนุ่น,24/09/2569 17:05,0.20
คลองสองต้นนุ่น,24/09/2569 17:10,0.20
คลองสองต้นนุ่น,24/09/2569 17:15,0.20
คลองสองต้นนุ่น,24/09/2569 17:20,0.21
คลองสองต้นนุ่น,24/09/2569 17:25,0.21
คลองสองต้นนุ่น,24/09/2569 17:30,0.21
คลองสองต้นนุ่น,24/09/2569 17:35,0.21
คลองสองต้นนุ่น,24/09/2569 17:40,0.21
คลองสองต้นนุ่น,24/09/2569 17:45,0.21
คลองสองต้นนุ่น,24/09/2569 17:50,0.21
คลองสองต้นนุ่น,24/09/2569 17:55,0.21
คลองสองต้นนุ่น,24/09/2569 18:00,0.21
คลองสองต้นนุ่น,24/09/2569 18:05,0.21
คลองสองต้นนุ่น,24/09/2569 18:10,0.21
คลองสองต้นนุ่น,24/09/2569 18:15,0.21
คลองสองต้นนุ่น,24/09/2569 18:20,0.21
คลองสองต้นนุ่น,24/09/2569 18:25,0.21
คลองสองต้นนุ่น,24/09/2569 18:30,0.21
คลองสองต้นนุ่น,24/09/2569 18:35,0.21
คลองสองต้นนุ่น,24/09/2569 18:40,0.21
คลองสองต้นนุ่น,24/09/2569 18:45,0.21
คลองสองต้นนุ่น,24/09/2569 18:50,0.21
คลองสองต้นนุ่น,24/09/2569 18:55,0.21
คลองสองต้นนุ่น,24/09/2569 19:00,0.21
คลองสองต้นนุ่น,24/09/2569 19:05,0.21
คลองสองต้นนุ่น,24/09/2569 19:10,0.21
คลองสองต้นนุ่น,24/09/2569 19:15,0.21
คลองสองต้นนุ่น,24/09/2569 19:20,0.21
คลองสองต้นนุ่น,24/09/2569 19:25,0.21
คลองสองต้นนุ่น,24/09/2569 19:30,0.21
คลองสองต้นนุ่น,24/09/2569 19:35,0.21
คลองสองต้นนุ่น,24/09/2569 19:40,0.21
คลองสองต้นนุ่น,24/09/2569 19:45,0.21
คลองสองต้นนุ่น,24/09/2569 19:50,0.21
คลองสองต้นนุ่น,24/09/2569 19:55,0.21
คลองสองต้นนุ่น,24/09/2569 20:00,0.21
คลองสองต้นนุ่น,24/09/2569 20:05,0.21
คลองสองต้นนุ่น,24/09/2569 20:10,0.21
คลองสองต้นนุ่น,24/09/2569 20:15,0.21
คลองสองต้นนุ่น,24/09/2569 20:20,0.21
คลองสองต้นนุ่น,24/09/2569 20:25,0.21
คลองสองต้นนุ่น,24/09/2569 20:30,0.21
คลองสองต้นนุ่น,24/09/2569 20:35,0.21
คลองสองต้นนุ่น,24/09/2569 20:40,0.20
คลองสองต้นนุ่น,24/09/2569 20:45,0.20
คลองสองต้นนุ่น,24/09/2569 20:50,0.20
คลองสองต้นนุ่น,24/09/2569 20:55,0.20
คลองสองต้นนุ่น,24/09/2569 21:00,0.20
คลองสองต้นนุ่น,24/09/2569 21:05,0.20
คลองสองต้นนุ่น,24/09/2569 21:10,0.20
คลองสองต้นนุ่น,24/09/2569 21:15,0.20
คลองสองต้นนุ่น,24/09/2569 21:25,0.20
คลองสองต้นนุ่น,24/09/2569 21:30,0.20
คลองสองต้นนุ่น,24/09/2569 21:35,0.20
คลองสองต้นนุ่น,24/09/2569 21:40,0.20
คลองสองต้นนุ่น,24/09/2569 21:45,0.20
คลองสองต้นนุ่น,24/09/2569 21:50,0.20
คลองสองต้นนุ่น,24/09/2569 21:55,0.20
คลองสองต้นนุ่น,24/09/2569 22:00,0.20
คลองสองต้นนุ่น,24/09/2569 22:05,0.20
คลองสองต้นนุ่น,24/09/2569 22:10,0.20
คลองสองต้นนุ่น,24/09/2569 22:15,0.20
คลองสองต้นนุ่น,24/09/2569 22:20,0.20
คลองสองต้นนุ่น,24/09/2569 22:25,0.20
คลองสองต้นนุ่น,24/09/2569 22:30,0.20
คลองสองต้นนุ่น,24/09/2569 22:35,0.20
คลองสองต้นนุ่น,24/09/2569 22:40,0.20
คลองสองต้นนุ่น,24/09/2569 22:45,0.20
คลองสองต้นนุ่น,24/09/2569 22:50,0.20
คลองสองต้นนุ่น,24/09/2569 22:55,0.20
คลองสองต้นนุ่น,24/09/2569 23:00,0.20
คลองสองต้นนุ่น,24/09/2569 23:05,0.20
คลองสองต้นนุ่น,24/09/2569 23:10,0.20
คลองสองต้นนุ่น,24/09/2569 23:15,0.20
คลองสองต้นนุ่น,24/09/2569 23:20,0.19
คลองสองต้นนุ่น,24/09/2569 23:25,0.19
คลองสองต้นนุ่น,24/09/2569 23:30,0.19
คลองสองต้นนุ่น,24/09/2569 23:35,0.20
คลองสองต้นนุ่น,24/09/2569 23:40,0.20
คลองสองต้นนุ่น,24/09/2569 23:45,0.20
คลองสองต้นนุ่น,24/09/2569 23:50,0.20
คลองสองต้นนุ่น,24/09/2569 23:55,0.20
คลองสองต้นนุ่น,25/09/2569 00:00,0.20
คลองสองต้นนุ่น,25/09/2569 00:05,0.20
คลองสองต้นนุ่น,25/09/2569 00:10,0.20
คลองสองต้นนุ่น,25/09/2569 00:15,0.20
คลองสองต้นนุ่น,25/09/2569 00:20,0.20
คลองสองต้นนุ่น,25/09/2569 00:25,0.20
คลองสองต้นนุ่น,25/09/2569 00:30,0.21
คลองสองต้นนุ่น,25/09/2569 00:35,0.21
คลองสองต้นนุ่น,25/09/2569 00:40,0.22
คลองสองต้นนุ่น,25/09/2569 00:45,0.22
คลองสองต้นนุ่น,25/09/2569 00:50,0.23
คลองสองต้นนุ่น,25/09/2569 00:55,0.23
คลองสองต้นนุ่น,25/09/2569 01:00,0.24
คลองสองต้นนุ่น,25/09/2569 01:05,0.25
คลองสองต้นนุ่น,25/09/2569 01:10,0.25
คลองสองต้นนุ่น,25/09/2569 01:15,0.25
คลองสองต้นนุ่น,25/09/2569 01:20,0.26
คลองสองต้นนุ่น,25/09/2569 01:25,0.26
คลองสองต้นนุ่น,25/09/2569 01:30,0.26
คลองสองต้นนุ่น,25/09/2569 01:35,0.27
คลองสองต้นนุ่น,25/09/2569 01:40,0.27
คลองสองต้นนุ่น,25/09/2569 01:45,0.28
คลองสองต้นนุ่น,25/09/2569 01:50,0.28
คลองสองต้นนุ่น,25/09/2569 01:55,0.28
คลองสองต้นนุ่น,25/09/2569 02:00,0.28
คลองสองต้นนุ่น,25/09/2569 02:05,0.29
คลองสองต้นนุ่น,25/09/2569 02:10,0.29
คลองสองต้นนุ่น,25/09/2569 02:15,0.30
คลองสองต้นนุ่น,25/09/2569 02:20,0.31
คลองสองต้นนุ่น,25/09/2569 02:25,0.31
คลองสองต้นนุ่น,25/09/2569 02:30,0.31
คลองสองต้นนุ่น,25/09/2569 02:35,0.32
คลองสองต้นนุ่น,25/09/2569 02:40,0.33
คลองสองต้นนุ่น,25/09/2569 02:45,0.34
คลองสองต้นนุ่น,25/09/2569 02:50,0.35
คลองสองต้นนุ่น,25/09/2569 02:55,0.36
คลองสองต้นนุ่น,25/09/2569 03:00,0.36
คลองสองต้นนุ่น,25/09/2569 03:05,0.38
คลองสองต้นนุ่น,25/09/2569 03:10,0.39
คลองสองต้นนุ่น,25/09/2569 03:15,0.40
คลองสองต้นนุ่น,25/09/2569 03:20,0.41
คลองสองต้นนุ่น,25/09/2569 03:25,0.42
คลองสองต้นนุ่น,25/09/2569 03:30,0.43
คลองสองต้นนุ่น,25/09/2569 03:35,0.43
คลองสองต้นนุ่น,25/09/2569 03:40,0.44
คลองสองต้นนุ่น,25/09/2569 03:45,0.45
คลองสองต้นนุ่น,25/09/2569 03:50,0.45
คลองสองต้นนุ่น,25/09/2569 03:55,0.46
คลองสองต้นนุ่น,25/09/2569 04:00,0.47
คลองสองต้นนุ่น,25/09/2569 04:05,0.48
คลองสองต้นนุ่น,25/09/2569 04:10,0.48
คลองสองต้นนุ่น,25/09/2569 04:15,0.48
คลองสองต้นนุ่น,25/09/2569 04:20,0.49
คลองสองต้นนุ่น,25/09/2569 04:25,0.49
คลองสองต้นนุ่น,25/09/2569 04:30,0.49
คลองสองต้นนุ่น,25/09/2569 04:35,0.50
คลองสองต้นนุ่น,25/09/2569 04:40,0.50
คลองสองต้นนุ่น,25/09/2569 04:45,0.50
คลองสองต้นนุ่น,25/09/2569 04:50,0.50
คลองสองต้นนุ่น,25/09/2569 04:55,0.51
คลองสองต้นนุ่น,25/09/2569 05:00,0.51
คลองสองต้นนุ่น,25/09/2569 05:05,0.51
คลองสองต้นนุ่น,25/09/2569 05:10,0.51
คลองสองต้นนุ่น,25/09/2569 05:15,0.51
คลองสองต้นนุ่น,25/09/2569 05:20,0.51
คลองสองต้นนุ่น,25/09/2569 05:25,0.51
คลองสองต้นนุ่น,25/09/2569 05:30,0.52
คลองสองต้นนุ่น,25/09/2569 05:35,0.52
คลองสองต้นนุ่น,25/09/2569 05:40,0.53
คลองสองต้นนุ่น,25/09/2569 05:45,0.53
คลองสองต้นนุ่น,25/09/2569 05:50,0.53
คลองสองต้นนุ่น,25/09/2569 05:55,0.53
คลองสองต้นนุ่น,25/09/2569 06:00,0.53
คลองสองต้นนุ่น,25/09/2569 06:05,0.54
คลองสองต้นนุ่น,25/09/2569 06:10,0.54
คลองสองต้นนุ่น,25/09/2569 06:15,0.54
คลองสองต้นนุ่น,25/09/2569 06:20,0.54
คลองสองต้นนุ่น,25/09/2569 06:25,0.54
คลองสองต้นนุ่น,25/09/2569 06:30,0.54
คลองสองต้นนุ่น,25/09/2569 06:35,0.54
คลองสองต้นนุ่น,25/09/2569 06:40,0.54
คลองสองต้นนุ่น,25/09/2569 06:45,0.54
คลองสองต้นนุ่น,25/09/2569 06:50,0.54
คลองสองต้นนุ่น,25/09/2569 06:55,0.54
คลองสองต้นนุ่น,25/09/2569 07:00,0.55
คลองสองต้นนุ่น,25/09/2569 07:05,0.55
คลองสองต้นนุ่น,25/09/2569 07:10,0.55
คลองสองต้นนุ่น,25/09/2569 07:15,0.55
คลองสองต้นนุ่น,25/09/2569 07:20,0.55
คลองสองต้นนุ่น,25/09/2569 07:25,0.55
คลองสองต้นนุ่น,25/09/2569 07:30,0.55
คลองสองต้นนุ่น,25/09/2569 07:35,0.55
คลองสองต้นนุ่น,25/09/2569 07:40,0.55
คลองสองต้นนุ่น,25/09/2569 07:45,0.55
คลองสองต้นนุ่น,25/09/2569 07:50,0.55
คลองสองต้นนุ่น,25/09/2569 07:55,0.56
คลองสองต้นนุ่น,25/09/2569 08:00,0.56
คลองสองต้นนุ่น,25/09/2569 08:05,0.56
คลองสองต้นนุ่น,25/09/2569 08:10,0.56
คลองสองต้นนุ่น,25/09/2569 08:15,0.56
คลองสองต้นนุ่น,25/09/2569 08:20,0.56
คลองสองต้นนุ่น,25/09/2569 08:25,0.56
คลองสองต้นนุ่น,25/09/2569 08:30,0.56
คลองสองต้นนุ่น,25/09/2569 08:35,0.56
คลองสองต้นนุ่น,25/09/2569 08:40,0.56
คลองสองต้นนุ่น,25/09/2569 08:45,0.56
คลองสองต้นนุ่น,25/09/2569 08:50,0.56
คลองสองต้นนุ่น,25/09/2569 08:55,0.56
คลองสองต้นนุ่น,25/09/2569 09:00,0.56
คลองสองต้นนุ่น,25/09/2569 09:05,0.56
คลองสองต้นนุ่น,25/09/2569 09:10,0.56
คลองสองต้นนุ่น,25/09/2569 09:15,0.56
คลองสองต้นนุ่น,25/09/2569 09:20,0.56
คลองสองต้นนุ่น,25/09/2569 09:25,0.57
คลองสองต้นนุ่น,25/09/2569 09:30,0.57
คลองสองต้นนุ่น,25/09/2569 09:35,0.57
คลองสองต้นนุ่น,25/09/2569 09:40,0.57
คลองสองต้นนุ่น,25/09/2569 09:45,0.57
คลองสองต้นนุ่น,25/09/2569 09:50,0.57
คลองสองต้นนุ่น,25/09/2569 09:55,0.57
คลองสองต้นนุ่น,25/09/2569 10:00,0.57
คลองสองต้นนุ่น,25/09/2569 10:05,0.57
คลองสองต้นนุ่น,25/09/2569 10:10,0.57
คลองสองต้นนุ่น,25/09/2569 10:15,0.57
คลองสองต้นนุ่น,25/09/2569 10:20,0.57
คลองสองต้นนุ่น,25/09/2569 10:25,0.57
คลองสองต้นนุ่น,25/09/2569 10:30,0.57
คลองสองต้นนุ่น,25/09/2569 10:35,0.57
คลองสองต้นนุ่น,25/09/2569 10:40,0.57
คลองสองต้นนุ่น,25/09/2569 10:45,0.57
คลองสองต้นนุ่น,25/09/2569 10:50,0.57
คลองสองต้นนุ่น,25/09/2569 10:55,0.57
คลองสองต้นนุ่น,25/09/2569 11:00,0.58
คลองสองต้นนุ่น,25/09/2569 11:05,0.57
คลองสองต้นนุ่น,25/09/2569 11:10,0.58
คลองสองต้นนุ่น,25/09/2569 11:15,0.58
คลองสองต้นนุ่น,25/09/2569 11:20,0.58
คลองสองต้นนุ่น,25/09/2569 11:25,0.58
คลองสองต้นนุ่น,25/09/2569 11:30,0.58
คลองสองต้นนุ่น,25/09/2569 11:35,0.58
คลองสองต้นนุ่น,25/09/2569 11:40,0.58
คลองสองต้นนุ่น,25/09/2569 11:45,0.58
คลองสองต้นนุ่น,25/09/2569 11:50,0.58
คลองสองต้นนุ่น,25/09/2569 11:55,0.58
คลองสองต้นนุ่น,25/09/2569 12:00,0.58
คลองสองต้นนุ่น,25/09/2569 12:05,0.58
คลองสองต้นนุ่น,25/09/2569 12:10,0.58
คลองสองต้นนุ่น,25/09/2569 12:15,0.59
คลองสองต้นนุ่น,25/09/2569 12:20,0.58
คลองสองต้นนุ่น,25/09/2569 12:25,0.59
คลองสองต้นนุ่น,25/09/2569 12:30,0.59
คลองสองต้นนุ่น,25/09/2569 12:35,0.59
คลองสองต้นนุ่น,25/09/2569 12:40,0.59
คลองสองต้นนุ่น,25/09/2569 12:45,0.59
คลองสองต้นนุ่น,25/09/2569 12:50,0.60
คลองสองต้นนุ่น,25/09/2569 12:55,0.60
คลองสองต้นนุ่น,25/09/2569 13:00,0.60
คลองสองต้นนุ่น,25/09/2569 13:05,0.60
คลองสองต้นนุ่น,25/09/2569 13:10,0.60
คลองสองต้นนุ่น,25/09/2569 13:15,0.60
คลองสองต้นนุ่น,25/09/2569 13:20,0.60
คลองสองต้นนุ่น,25/09/2569 13:25,0.60
คลองสองต้นนุ่น,25/09/2569 13:30,0.60
คลองสองต้นนุ่น,25/09/2569 13:35,0.60
คลองสองต้นนุ่น,25/09/2569 13:40,0.60
คลองสองต้นนุ่น,25/09/2569 13:45,0.61
คลองสองต้นนุ่น,25/09/2569 13:50,0.61
คลองสองต้นนุ่น,25/09/2569 13:55,0.61
คลองสองต้นนุ่น,25/09/2569 14:00,0.61
คลองสองต้นนุ่น,25/09/2569 14:05,0.61
คลองสองต้นนุ่น,25/09/2569 14:10,0.62
คลองสองต้นนุ่น,25/09/2569 14:15,0.62
คลองสองต้นนุ่น,25/09/2569 14:20,0.62
คลองสองต้นนุ่น,25/09/2569 14:25,0.62
คลองสองต้นนุ่น,25/09/2569 14:30,0.63
คลองสองต้นนุ่น,25/09/2569 14:35,0.63
คลองสองต้นนุ่น,25/09/2569 14:40,0.63
คลองสองต้นนุ่น,25/09/2569 14:45,0.64
คลองสองต้นนุ่น,25/09/2569 14:50,0.64
คลองสองต้นนุ่น,25/09/2569 14:55,0.65
คลองสองต้นนุ่น,25/09/2569 15:00,0.65
คลองสองต้นนุ่น,25/09/2569 15:05,0.65
คลองสองต้นนุ่น,25/09/2569 15:10,0.65
คลองสองต้นนุ่น,25/09/2569 15:15,0.66
คลองสองต้นนุ่น,25/09/2569 15:20,0.66
คลองสองต้นนุ่น,25/09/2569 15:25,0.67
คลองสองต้นนุ่น,25/09/2569 15:30,0.68
คลองสองต้นนุ่น,25/09/2569 15:35,0.68
คลองสองต้นนุ่น,25/09/2569 15:40,0.68
คลองสองต้นนุ่น,25/09/2569 15:45,0.69
คลองสองต้นนุ่น,25/09/2569 15:50,0.68
คลองสองต้นนุ่น,25/09/2569 15:55,0.69
คลองสองต้นนุ่น,25/09/2569 16:00,0.69
คลองสองต้นนุ่น,25/09/2569 16:05,0.69
คลองสองต้นนุ่น,25/09/2569 16:10,0.69
คลองสองต้นนุ่น,25/09/2569 16:15,0.69
คลองสองต้นนุ่น,25/09/2569 16:20,0.69
คลองสองต้นนุ่น,25/09/2569 16:25,0.69
คลองสองต้นนุ่น,25/09/2569 16:30,0.70
คลองสองต้นนุ่น,25/09/2569 16:35,0.70
คลองสองต้นนุ่น,25/09/2569 16:40,0.69
คลองสองต้นนุ่น,25/09/2569 16:45,0.70
คลองสองต้นนุ่น,25/09/2569 16:50,0.70
คลองสองต้นนุ่น,25/09/2569 16:55,0.70
คลองสองต้นนุ่น,25/09/2569 17:00,0.71
คลองสองต้นนุ่น,25/09/2569 17:05,0.71
คลองสองต้นนุ่น,25/09/2569 17:10,0.71
คลองสองต้นนุ่น,25/09/2569 17:15,0.71
คลองสองต้นนุ่น,25/09/2569 17:20,0.71
คลองสองต้นนุ่น,25/09/2569 17:25,0.71
คลองสองต้นนุ่น,25/09/2569 17:30,0.71
คลองสองต้นนุ่น,25/09/2569 17:35,0.71
คลองสองต้นนุ่น,25/09/2569 17:40,0.71
คลองสองต้นนุ่น,25/09/2569 17:45,0.71
คลองสองต้นนุ่น,25/09/2569 17:50,0.71
คลองสองต้นนุ่น,25/09/2569 17:55,0.71
คลองสองต้นนุ่น,25/09/2569 18:00,0.72
คลองสองต้นนุ่น,25/09/2569 18:05,0.72
คลองสองต้นนุ่น,25/09/2569 18:10,0.72
คลองสองต้นนุ่น,25/09/2569 18:15,0.72
คลองสองต้นนุ่น,25/09/2569 18:20,0.72
คลองสองต้นนุ่น,25/09/2569 18:25,0.72
คลองสองต้นนุ่น,25/09/2569 18:30,0.73
คลองสองต้นนุ่น,25/09/2569 18:35,0.73
คลองสองต้นนุ่น,25/09/2569 18:40,0.73
คลองสองต้นนุ่น,25/09/2569 18:45,0.73
คลองสองต้นนุ่น,25/09/2569 18:50,0.73
คลองสองต้นนุ่น,25/09/2569 18:55,0.74
คลองสองต้นนุ่น,25/09/2569 19:00,0.74
คลองสองต้นนุ่น,25/09/2569 19:05,0.73
คลองสองต้นนุ่น,25/09/2569 19:10,0.74
คลองสองต้นนุ่น,25/09/2569 19:15,0.74
คลองสองต้นนุ่น,25/09/2569 19:20,0.74
คลองสองต้นนุ่น,25/09/2569 19:25,0.74
คลองสองต้นนุ่น,25/09/2569 19:30,0.74
คลองสองต้นนุ่น,25/09/2569 19:35,0.74
คลองสองต้นนุ่น,25/09/2569 19:40,0.75
คลองสองต้นนุ่น,25/09/2569 19:45,0.75
คลองสองต้นนุ่น,25/09/2569 19:50,0.75
คลองสองต้นนุ่น,25/09/2569 19:55,0.75
คลองสองต้นนุ่น,25/09/2569 20:00,0.75
คลองสองต้นนุ่น,25/09/2569 20:05,0.75
คลองสองต้นนุ่น,25/09/2569 20:10,0.75
คลองสองต้นนุ่น,25/09/2569 20:15,0.75
คลองสองต้นนุ่น,25/09/2569 20:20,0.75
คลองสองต้นนุ่น,25/09/2569 20:25,0.75
คลองสองต้นนุ่น,25/09/2569 20:30,0.75
คลองสองต้นนุ่น,25/09/2569 20:35,0.76
คลองสองต้นนุ่น,25/09/2569 20:40,0.76
คลองสองต้นนุ่น,25/09/2569 20:45,0.76
คลองสองต้นนุ่น,25/09/2569 20:50,0.76
คลองสองต้นนุ่น,25/09/2569 20:55,0.76
คลองสองต้นนุ่น,25/09/2569 21:00,0.76
คลองสองต้นนุ่น,25/09/2569 21:05,0.76
คลองสองต้นนุ่น,25/09/2569 21:10,0.76
คลองสองต้นนุ่น,25/09/2569 21:15,0.76
คลองสองต้นนุ่น,25/09/2569 21:20,0.76
คลองสองต้นนุ่น,25/09/2569 21:25,0.76
คลองสองต้นนุ่น,25/09/2569 21:30,0.76
คลองสองต้นนุ่น,25/09/2569 21:35,0.76
คลองสองต้นนุ่น,25/09/2569 21:40,0.76
คลองสองต้นนุ่น,25/09/2569 21:45,0.76
คลองสองต้นนุ่น,25/09/2569 21:50,0.76
คลองสองต้นนุ่น,25/09/2569 21:55,0.76
คลองสองต้นนุ่น,25/09/2569 22:00,0.76
คลองสองต้นนุ่น,25/09/2569 22:05,0.77
คลองสองต้นนุ่น,25/09/2569 22:10,0.76
คลองสองต้นนุ่น,25/09/2569 22:15,0.77
คลองสองต้นนุ่น,25/09/2569 22:20,0.77
คลองสองต้นนุ่น,25/09/2569 22:25,0.77
คลองสองต้นนุ่น,25/09/2569 22:30,0.77
คลองสองต้นนุ่น,25/09/2569 22:35,0.77
คลองสองต้นนุ่น,25/09/2569 22:40,0.77
คลองสองต้นนุ่น,25/09/2569 22:45,0.77
คลองสองต้นนุ่น,25/09/2569 22:50,0.77
คลองสองต้นนุ่น,25/09/2569 22:55,0.77
คลองสองต้นนุ่น,25/09/2569 23:00,0.77
คลองสองต้นนุ่น,25/09/2569 23:05,0.77
คลองสองต้นนุ่น,25/09/2569 23:10,0.77
คลองสองต้นนุ่น,25/09/2569 23:15,0.77
คลองสองต้นนุ่น,25/09/2569 23:20,0.77
คลองสองต้นนุ่น,25/09/2569 23:25,0.77
คลองสองต้นนุ่น,25/09/2569 23:30,0.77
คลองสองต้นนุ่น,25/09/2569 23:35,0.77
คลองสองต้นนุ่น,25/09/2569 23:40,0.77
คลองสองต้นนุ่น,25/09/2569 23:45,0.77
คลองสองต้นนุ่น,25/09/2569 23:50,0.77
คลองสองต้นนุ่น,25/09/2569 23:55,0.77
คลองสองต้นนุ่น,26/09/2569 00:00,0.77
คลองสองต้นนุ่น,26/09/2569 00:05,0.78
คลองสองต้นนุ่น,26/09/2569 00:10,0.78
คลองสองต้นนุ่น,26/09/2569 00:15,0.78
คลองสองต้นนุ่น,26/09/2569 00:20,0.78
คลองสองต้นนุ่น,26/09/2569 00:25,0.78
คลองสองต้นนุ่น,26/09/2569 00:30,0.78
คลองสองต้นนุ่น,26/09/2569 00:35,0.78
คลองสองต้นนุ่น,26/09/2569 00:40,0.78
คลองสองต้นนุ่น,26/09/2569 00:45,0.78
คลองสองต้นนุ่น,26/09/2569 00:50,0.79
คลองสองต้นนุ่น,26/09/2569 00:55,0.79
คลองสองต้นนุ่น,26/09/2569 01:00,0.80
คลองสองต้นนุ่น,26/09/2569 01:05,0.80
คลองสองต้นนุ่น,26/09/2569 01:10,0.80
คลองสองต้นนุ่น,26/09/2569 01:15,0.80
คลองสองต้นนุ่น,26/09/2569 01:20,0.81
คลองสองต้นนุ่น,26/09/2569 01:25,0.82
คลองสองต้นนุ่น,26/09/2569 01:30,0.82
คลองสองต้นนุ่น,26/09/2569 01:35,0.83
คลองสองต้นนุ่น,26/09/2569 01:40,0.83
คลองสองต้นนุ่น,26/09/2569 01:45,0.84
คลองสองต้นนุ่น,26/09/2569 01:50,0.84
คลองสองต้นนุ่น,26/09/2569 01:55,0.84
คลองสองต้นนุ่น,26/09/2569 02:00,0.84
คลองสองต้นนุ่น,26/09/2569 02:05,0.85
คลองสองต้นนุ่น,26/09/2569 02:10,0.85
คลองสองต้นนุ่น,26/09/2569 02:15,0.85
คลองสองต้นนุ่น,26/09/2569 02:20,0.85
คลองสองต้นนุ่น,26/09/2569 02:25,0.86
คลองสองต้นนุ่น,26/09/2569 02:30,0.86
คลองสองต้นนุ่น,26/09/2569 02:35,0.86
คลองสองต้นนุ่น,26/09/2569 02:40,0.87
คลองสองต้นนุ่น,26/09/2569 02:45,0.87
คลองสองต้นนุ่น,26/09/2569 02:50,0.88
คลองสองต้นนุ่น,26/09/2569 02:55,0.88
คลองสองต้นนุ่น,26/09/2569 03:00,0.88
คลองสองต้นนุ่น,26/09/2569 03:05,0.89
คลองสองต้นนุ่น,26/09/2569 03:10,0.89
คลองสองต้นนุ่น,26/09/2569 03:15,0.89
คลองสองต้นนุ่น,26/09/2569 03:20,0.89
คลองสองต้นนุ่น,26/09/2569 03:25,0.89
คลองสองต้นนุ่น,26/09/2569 03:30,0.90
คลองสองต้นนุ่น,26/09/2569 03:35,0.90
คลองสองต้นนุ่น,26/09/2569 03:40,0.90
คลองสองต้นนุ่น,26/09/2569 03:45,0.90
คลองสองต้นนุ่น,26/09/2569 03:50,0.90
คลองสองต้นนุ่น,26/09/2569 03:55,0.90
คลองสองต้นนุ่น,26/09/2569 04:00,0.90
คลองสองต้นนุ่น,26/09/2569 04:05,0.90
คลองสองต้นนุ่น,26/09/2569 04:10,0.90
คลองสองต้นนุ่น,26/09/2569 04:15,0.90
คลองสองต้นนุ่น,26/09/2569 04:20,0.90
คลองสองต้นนุ่น,26/09/2569 04:25,0.90
คลองสองต้นนุ่น,26/09/2569 04:30,0.90
คลองสองต้นนุ่น,26/09/2569 04:35,0.90
คลองสองต้นนุ่น,26/09/2569 04:40,0.91
คลองสองต้นนุ่น,26/09/2569 04:45,0.91
คลองสองต้นนุ่น,26/09/2569 04:50,0.91
คลองสองต้นนุ่น,26/09/2569 04:55,0.91
คลองสองต้นนุ่น,26/09/2569 05:00,0.91
คลองสองต้นนุ่น,26/09/2569 05:05,0.91
คลองสองต้นนุ่น,26/09/2569 05:10,0.91
คลองสองต้นนุ่น,26/09/2569 05:15,0.91
คลองสองต้นนุ่น,26/09/2569 05:20,0.91
คลองสองต้นนุ่น,26/09/2569 05:25,0.91
คลองสองต้นนุ่น,26/09/2569 05:30,0.91
คลองสองต้นนุ่น,26/09/2569 05:35,0.91
คลองสองต้นนุ่น,26/09/2569 05:40,0.91
คลองสองต้นนุ่น,26/09/2569 05:45,0.91
คลองสองต้นนุ่น,26/09/2569 05:50,0.91
คลองสองต้นนุ่น,26/09/2569 05:55,0.91
คลองสองต้นนุ่น,26/09/2569 06:00,0.91
คลองสองต้นนุ่น,26/09/2569 06:05,0.91
คลองสองต้นนุ่น,26/09/2569 06:10,0.91
คลองสองต้นนุ่น,26/09/2569 06:15,0.91
คลองสองต้นนุ่น,26/09/2569 06:20,0.91
คลองสองต้นนุ่น,26/09/2569 06:25,0.91
คลองสองต้นนุ่น,26/09/2569 06:30,0.91
คลองสองต้นนุ่น,26/09/2569 06:35,0.91
คลองสองต้นนุ่น,26/09/2569 06:40,0.91
คลองสองต้นนุ่น,26/09/2569 06:45,0.91
คลองสองต้นนุ่น,26/09/2569 06:50,0.91
คลองสองต้นนุ่น,26/09/2569 06:55,0.91
คลองสองต้นนุ่น,26/09/2569 07:00,0.92
คลองสองต้นนุ่น,26/09/2569 07:05,0.91
คลองสองต้นนุ่น,26/09/2569 07:10,0.91
คลองสองต้นนุ่น,26/09/2569 07:15,0.91
คลองสองต้นนุ่น,26/09/2569 07:20,0.92
คลองสองต้นนุ่น,26/09/2569 07:25,0.92
คลองสองต้นนุ่น,26/09/2569 07:30,0.92
คลองสองต้นนุ่น,26/09/2569 07:35,0.92
คลองสองต้นนุ่น,26/09/2569 07:40,0.92
คลองสองต้นนุ่น,26/09/2569 07:45,0.92
คลองสองต้นนุ่น,26/09/2569 07:50,0.92
คลองสองต้นนุ่น,26/09/2569 07:55,0.92
คลองสองต้นนุ่น,26/09/2569 08:00,0.92
คลองสองต้นนุ่น,26/09/2569 08:05,0.93
คลองสองต้นนุ่น,26/09/2569 08:10,0.93
คลองสองต้นนุ่น,26/09/2569 08:15,0.92
คลองสองต้นนุ่น,26/09/2569 08:20,0.93
คลองสองต้นนุ่น,26/09/2569 08:25,0.93
คลองสองต้นนุ่น,26/09/2569 08:30,0.92
คลองสองต้นนุ่น,26/09/2569 08:35,0.93
คลองสองต้นนุ่น,26/09/2569 08:40,0.93
คลองสองต้นนุ่น,26/09/2569 08:45,0.93
คลองสองต้นนุ่น,26/09/2569 08:50,0.93
คลองสองต้นนุ่น,26/09/2569 08:55,0.93
คลองสองต้นนุ่น,26/09/2569 09:00,0.93
คลองสองต้นนุ่น,26/09/2569 09:05,0.93
คลองสองต้นนุ่น,26/09/2569 09:10,0.93
คลองสองต้นนุ่น,26/09/2569 09:15,0.93
คลองสองต้นนุ่น,26/09/2569 09:20,0.93
คลองสองต้นนุ่น,26/09/2569 09:25,0.93
คลองสองต้นนุ่น,26/09/2569 09:30,0.93
คลองสองต้นนุ่น,26/09/2569 09:35,0.92
คลองสองต้นนุ่น,26/09/2569 09:40,0.93
คลองสองต้นนุ่น,26/09/2569 09:45,0.93
คลองสองต้นนุ่น,26/09/2569 09:50,0.93
คลองสองต้นนุ่น,26/09/2569 09:55,0.93
คลองสองต้นนุ่น,26/09/2569 10:00,0.93
คลองสองต้นนุ่น,26/09/2569 10:05,0.93
คลองสองต้นนุ่น,26/09/2569 10:10,0.93
คลองสองต้นนุ่น,26/09/2569 10:15,0.93
คลองสองต้นนุ่น,26/09/2569 10:20,0.93
คลองสองต้นนุ่น,26/09/2569 10:25,0.93
คลองสองต้นนุ่น,26/09/2569 10:30,0.94
คลองสองต้นนุ่น,26/09/2569 10:35,0.93
คลองสองต้นนุ่น,26/09/2569 10:40,0.94
คลองสองต้นนุ่น,26/09/2569 10:45,0.94
คลองสองต้นนุ่น,26/09/2569 10:50,0.94
คลองสองต้นนุ่น,26/09/2569 10:55,0.94
คลองสองต้นนุ่น,26/09/2569 11:00,0.94
คลองสองต้นนุ่น,26/09/2569 11:05,0.94
คลองสองต้นนุ่น,26/09/2569 11:10,0.94
คลองสองต้นนุ่น,26/09/2569 11:15,0.94
คลองสองต้นนุ่น,26/09/2569 11:20,0.94
คลองสองต้นนุ่น,26/09/2569 11:25,0.94
คลองสองต้นนุ่น,26/09/2569 11:30,0.93
คลองสองต้นนุ่น,26/09/2569 11:35,0.93
คลองสองต้นนุ่น,26/09/2569 11:40,0.94
คลองสองต้นนุ่น,26/09/2569 11:45,0.94
คลองสองต้นนุ่น,26/09/2569 11:50,0.94
คลองสองต้นนุ่น,26/09/2569 11:55,0.93
คลองสองต้นนุ่น,26/09/2569 12:00,0.93
คลองสองต้นนุ่น,26/09/2569 12:05,0.93
คลองสองต้นนุ่น,26/09/2569 12:10,0.93
คลองสองต้นนุ่น,26/09/2569 12:15,0.93
คลองสองต้นนุ่น,26/09/2569 12:20,0.93
คลองสองต้นนุ่น,26/09/2569 12:25,0.93
คลองสองต้นนุ่น,26/09/2569 12:30,0.93
คลองสองต้นนุ่น,26/09/2569 12:35,0.93
คลองสองต้นนุ่น,26/09/2569 12:40,0.93
คลองสองต้นนุ่น,26/09/2569 12:45,0.93
คลองสองต้นนุ่น,26/09/2569 12:50,0.93
คลองสองต้นนุ่น,26/09/2569 12:55,0.93
คลองสองต้นนุ่น,26/09/2569 13:00,0.94
คลองสองต้นนุ่น,26/09/2569 13:05,0.93
คลองสองต้นนุ่น,26/09/2569 13:10,0.93
คลองสองต้นนุ่น,26/09/2569 13:15,0.93
คลองสองต้นนุ่น,26/09/2569 13:20,0.93
คลองสองต้นนุ่น,26/09/2569 13:25,0.93
คลองสองต้นนุ่น,26/09/2569 13:30,0.93
คลองสองต้นนุ่น,26/09/2569 13:35,0.94
คลองสองต้นนุ่น,26/09/2569 13:40,0.93
คลองสองต้นนุ่น,26/09/2569 13:45,0.94
คลองสองต้นนุ่น,26/09/2569 13:50,0.94
คลองสองต้นนุ่น,26/09/2569 13:55,0.93
คลองสองต้นนุ่น,26/09/2569 14:00,0.94
คลองสองต้นนุ่น,26/09/2569 14:05,0.94
คลองสองต้นนุ่น,26/09/2569 14:10,0.93
คลองสองต้นนุ่น,26/09/2569 14:15,0.94
คลองสองต้นนุ่น,26/09/2569 14:20,0.94
คลองสองต้นนุ่น,26/09/2569 14:25,0.94
คลองสองต้นนุ่น,26/09/2569 14:30,0.94
คลองสองต้นนุ่น,26/09/2569 14:35,0.94
คลองสองต้นนุ่น,26/09/2569 14:40,0.94
คลองสองต้นนุ่น,26/09/2569 14:45,0.94
คลองสองต้นนุ่น,26/09/2569 14:50,0.94
คลองสองต้นนุ่น,26/09/2569 14:55,0.94
คลองสองต้นนุ่น,26/09/2569 15:00,0.94
คลองสองต้นนุ่น,26/09/2569 15:05,0.94
คลองสองต้นนุ่น,26/09/2569 15:10,0.94
คลองสองต้นนุ่น,26/09/2569 15:15,0.94
คลองสองต้นนุ่น,26/09/2569 15:20,0.94
คลองสองต้นนุ่น,26/09/2569 15:25,0.94
คลองสองต้นนุ่น,26/09/2569 15:30,0.94
คลองสองต้นนุ่น,26/09/2569 15:35,0.94
คลองสองต้นนุ่น,26/09/2569 15:40,0.94
คลองสองต้นนุ่น,26/09/2569 15:45,0.94
คลองสองต้นนุ่น,26/09/2569 15:50,0.94
คลองสองต้นนุ่น,26/09/2569 15:55,0.94
คลองสองต้นนุ่น,26/09/2569 16:00,0.94
คลองสองต้นนุ่น,26/09/2569 16:05,0.94
คลองสองต้นนุ่น,26/09/2569 16:10,0.94
คลองสองต้นนุ่น,26/09/2569 16:15,0.94
คลองสองต้นนุ่น,26/09/2569 16:20,0.94
คลองสองต้นนุ่น,26/09/2569 16:25,0.95
คลองสองต้นนุ่น,26/09/2569 16:30,0.95
คลองสองต้นนุ่น,26/09/2569 16:35,0.95
คลองสองต้นนุ่น,26/09/2569 16:40,0.95
คลองสองต้นนุ่น,26/09/2569 16:45,0.95
คลองสองต้นนุ่น,26/09/2569 16:50,0.95
คลองสองต้นนุ่น,26/09/2569 16:55,0.95
คลองสองต้นนุ่น,26/09/2569 17:00,0.95
คลองสองต้นนุ่น,26/09/2569 17:05,0.95
คลองสองต้นนุ่น,26/09/2569 17:10,0.95
คลองสองต้นนุ่น,26/09/2569 17:15,0.95
คลองสองต้นนุ่น,26/09/2569 17:20,0.95
คลองสองต้นนุ่น,26/09/2569 17:25,0.95
คลองสองต้นนุ่น,26/09/2569 17:30,0.95
คลองสองต้นนุ่น,26/09/2569 17:35,0.95
คลองสองต้นนุ่น,26/09/2569 17:40,0.95
คลองสองต้นนุ่น,26/09/2569 17:45,0.95
คลองสองต้นนุ่น,26/09/2569 17:50,0.95
คลองสองต้นนุ่น,26/09/2569 17:55,0.95
คลองสองต้นนุ่น,26/09/2569 18:00,0.95
คลองสองต้นนุ่น,26/09/2569 18:05,0.95
คลองสองต้นนุ่น,26/09/2569 18:10,0.95
คลองสองต้นนุ่น,26/09/2569 18:15,0.95
คลองสองต้นนุ่น,26/09/2569 18:20,0.96
คลองสองต้นนุ่น,26/09/2569 18:25,0.96
คลองสองต้นนุ่น,26/09/2569 18:30,0.96
คลองสองต้นนุ่น,26/09/2569 18:35,0.95
คลองสองต้นนุ่น,26/09/2569 18:40,0.96
คลองสองต้นนุ่น,26/09/2569 18:45,0.96
คลองสองต้นนุ่น,26/09/2569 18:50,0.96
คลองสองต้นนุ่น,26/09/2569 18:55,0.96
คลองสองต้นนุ่น,26/09/2569 19:00,0.96
คลองสองต้นนุ่น,26/09/2569 19:05,0.96
คลองสองต้นนุ่น,26/09/2569 19:10,0.96
คลองสองต้นนุ่น,26/09/2569 19:15,0.95
คลองสองต้นนุ่น,26/09/2569 19:20,0.96
คลองสองต้นนุ่น,26/09/2569 19:25,0.96
คลองสองต้นนุ่น,26/09/2569 19:30,0.96
คลองสองต้นนุ่น,26/09/2569 19:35,0.96
คลองสองต้นนุ่น,26/09/2569 19:40,0.96
คลองสองต้นนุ่น,26/09/2569 19:45,0.96
คลองสองต้นนุ่น,26/09/2569 19:50,0.96
คลองสองต้นนุ่น,26/09/2569 19:55,0.96
คลองสองต้นนุ่น,26/09/2569 20:00,0.96
คลองสองต้นนุ่น,26/09/2569 20:05,0.96
คลองสองต้นนุ่น,26/09/2569 20:10,0.96
คลองสองต้นนุ่น,26/09/2569 20:15,0.96
คลองสองต้นนุ่น,26/09/2569 20:20,0.96
คลองสองต้นนุ่น,26/09/2569 20:25,0.96
คลองสองต้นนุ่น,26/09/2569 20:30,0.96
คลองสองต้นนุ่น,26/09/2569 20:35,0.96
คลองสองต้นนุ่น,26/09/2569 20:40,0.96
คลองสองต้นนุ่น,26/09/2569 20:45,0.96
คลองสองต้นนุ่น,26/09/2569 20:50,0.96
คลองสองต้นนุ่น,26/09/2569 20:55,0.96
คลองสองต้นนุ่น,26/09/2569 21:00,0.96
คลองสองต้นนุ่น,26/09/2569 21:05,0.96
คลองสองต้นนุ่น,26/09/2569 21:10,0.96
คลองสองต้นนุ่น,26/09/2569 21:15,0.96
คลองสองต้นนุ่น,26/09/2569 21:20,0.96
คลองสองต้นนุ่น,26/09/2569 21:25,0.96
คลองสองต้นนุ่น,26/09/2569 21:30,0.96
คลองสองต้นนุ่น,26/09/2569 21:35,0.96
คลองสองต้นนุ่น,26/09/2569 21:40,0.96
คลองสองต้นนุ่น,26/09/2569 21:45,0.96
คลองสองต้นนุ่น,26/09/2569 21:50,0.96
คลองสองต้นนุ่น,26/09/2569 21:55,0.96
คลองสองต้นนุ่น,26/09/2569 22:00,0.96
คลองสองต้นนุ่น,26/09/2569 22:05,0.96
คลองสองต้นนุ่น,26/09/2569 22:10,0.96
คลองสองต้นนุ่น,26/09/2569 22:15,0.96
คลองสองต้นนุ่น,26/09/2569 22:20,0.96
คลองสองต้นนุ่น,26/09/2569 22:25,0.96
คลองสองต้นนุ่น,26/09/2569 22:30,0.96
คลองสองต้นนุ่น,26/09/2569 22:35,0.96
คลองสองต้นนุ่น,26/09/2569 22:40,0.96
คลองสองต้นนุ่น,26/09/2569 22:45,0.96
คลองสองต้นนุ่น,26/09/2569 22:50,0.96
คลองสองต้นนุ่น,26/09/2569 22:55,0.96
คลองสองต้นนุ่น,26/09/2569 23:00,0.96
คลองสองต้นนุ่น,26/09/2569 23:05,0.96
คลองสองต้นนุ่น,26/09/2569 23:10,0.96
คลองสองต้นนุ่น,26/09/2569 23:15,0.96
คลองสองต้นนุ่น,26/09/2569 23:20,0.96
คลองสองต้นนุ่น,26/09/2569 23:25,0.96
คลองสองต้นนุ่น,26/09/2569 23:30,0.96
คลองสองต้นนุ่น,26/09/2569 23:35,0.96
คลองสองต้นนุ่น,26/09/2569 23:40,0.96
คลองสองต้นนุ่น,26/09/2569 23:45,0.96
คลองสองต้นนุ่น,26/09/2569 23:50,0.96
คลองสองต้นนุ่น,26/09/2569 23:55,0.96
คลองสองต้นนุ่น,27/09/2569 00:00,0.96
คลองสองต้นนุ่น,27/09/2569 00:05,0.96
คลองสองต้นนุ่น,27/09/2569 00:10,0.96
คลองสองต้นนุ่น,27/09/2569 00:15,0.96
คลองสองต้นนุ่น,27/09/2569 00:20,0.96
คลองสองต้นนุ่น,27/09/2569 00:25,0.96
คลองสองต้นนุ่น,27/09/2569 00:30,0.96
คลองสองต้นนุ่น,27/09/2569 00:35,0.96
คลองสองต้นนุ่น,27/09/2569 00:40,0.96
คลองสองต้นนุ่น,27/09/2569 00:45,0.96
คลองสองต้นนุ่น,27/09/2569 00:50,0.96
คลองสองต้นนุ่น,27/09/2569 00:55,0.96
คลองสองต้นนุ่น,27/09/2569 01:00,0.96
คลองสองต้นนุ่น,27/09/2569 01:05,0.96
คลองสองต้นนุ่น,27/09/2569 01:10,0.96
คลองสองต้นนุ่น,27/09/2569 01:15,0.96
คลองสองต้นนุ่น,27/09/2569 01:20,0.96
คลองสองต้นนุ่น,27/09/2569 01:25,0.96
คลองสองต้นนุ่น,27/09/2569 01:30,0.96
คลองสองต้นนุ่น,27/09/2569 01:35,0.96
คลองสองต้นนุ่น,27/09/2569 01:40,0.96
คลองสองต้นนุ่น,27/09/2569 01:45,0.96
คลองสองต้นนุ่น,27/09/2569 01:50,0.96
คลองสองต้นนุ่น,27/09/2569 01:55,0.96
คลองสองต้นนุ่น,27/09/2569 02:00,0.96
คลองสองต้นนุ่น,27/09/2569 02:05,0.96
คลองสองต้นนุ่น,27/09/2569 02:10,0.96
คลองสองต้นนุ่น,27/09/2569 02:15,0.96
คลองสองต้นนุ่น,27/09/2569 02:20,0.96
คลองสองต้นนุ่น,27/09/2569 02:25,0.96
คลองสองต้นนุ่น,27/09/2569 02:30,0.96
คลองสองต้นนุ่น,27/09/2569 02:35,0.96
คลองสองต้นนุ่น,27/09/2569 02:40,0.96
คลองสองต้นนุ่น,27/09/2569 02:45,0.95
คลองสองต้นนุ่น,27/09/2569 02:50,0.95
คลองสองต้นนุ่น,27/09/2569 02:55,0.95
คลองสองต้นนุ่น,27/09/2569 03:00,0.96
คลองสองต้นนุ่น,27/09/2569 03:05,0.96
คลองสองต้นนุ่น,27/09/2569 03:10,0.95
คลองสองต้นนุ่น,27/09/2569 03:15,0.96
คลองสองต้นนุ่น,27/09/2569 03:20,0.95
คลองสองต้นนุ่น,27/09/2569 03:25,0.95
คลองสองต้นนุ่น,27/09/2569 03:30,0.95
คลองสองต้นนุ่น,27/09/2569 03:35,0.95
คลองสองต้นนุ่น,27/09/2569 03:40,0.95
คลองสองต้นนุ่น,27/09/2569 03:45,0.95
คลองสองต้นนุ่น,27/09/2569 03:50,0.95
คลองสองต้นนุ่น,27/09/2569 03:55,0.95
คลองสองต้นนุ่น,27/09/2569 04:00,0.95
คลองสองต้นนุ่น,27/09/2569 04:05,0.95
คลองสองต้นนุ่น,27/09/2569 04:10,0.95
คลองสองต้นนุ่น,27/09/2569 04:15,0.95
คลองสองต้นนุ่น,27/09/2569 04:20,0.95
คลองสองต้นนุ่น,27/09/2569 04:25,0.95
คลองสองต้นนุ่น,27/09/2569 04:30,0.95
คลองสองต้นนุ่น,27/09/2569 04:35,0.95
คลองสองต้นนุ่น,27/09/2569 04:40,0.95
คลองสองต้นนุ่น,27/09/2569 04:45,0.95
คลองสองต้นนุ่น,27/09/2569 04:50,0.95
คลองสองต้นนุ่น,27/09/2569 04:55,0.95
คลองสองต้นนุ่น,27/09/2569 05:00,0.95
คลองสองต้นนุ่น,27/09/2569 05:05,0.95
คลองสองต้นนุ่น,27/09/2569 05:10,0.95
คลองสองต้นนุ่น,27/09/2569 05:15,0.95
คลองสองต้นนุ่น,27/09/2569 05:20,0.95
คลองสองต้นนุ่น,27/09/2569 05:25,0.95
คลองสองต้นนุ่น,27/09/2569 05:30,0.95
คลองสองต้นนุ่น,27/09/2569 05:35,0.95
คลองสองต้นนุ่น,27/09/2569 05:40,0.95
คลองสองต้นนุ่น,27/09/2569 05:45,0.95
คลองสองต้นนุ่น,27/09/2569 05:50,0.95
คลองสองต้นนุ่น,27/09/2569 05:55,0.95
คลองสองต้นนุ่น,27/09/2569 06:00,0.95
คลองสองต้นนุ่น,27/09/2569 06:05,0.95
คลองสองต้นนุ่น,27/09/2569 06:10,0.95
คลองสองต้นนุ่น,27/09/2569 06:15,0.95
คลองสองต้นนุ่น,27/09/2569 06:20,0.95
คลองสองต้นนุ่น,27/09/2569 06:25,0.95
คลองสองต้นนุ่น,27/09/2569 06:30,0.95
คลองสองต้นนุ่น,27/09/2569 06:35,0.95
คลองสองต้นนุ่น,27/09/2569 06:40,0.95
คลองสองต้นนุ่น,27/09/2569 06:45,0.95
คลองสองต้นนุ่น,27/09/2569 06:50,0.95
คลองสองต้นนุ่น,27/09/2569 06:55,0.95
คลองสองต้นนุ่น,27/09/2569 07:00,0.95
คลองสองต้นนุ่น,27/09/2569 07:05,0.95
คลองสองต้นนุ่น,27/09/2569 07:10,0.95
คลองสองต้นนุ่น,27/09/2569 07:15,0.95
คลองสองต้นนุ่น,27/09/2569 07:20,0.95
คลองสองต้นนุ่น,27/09/2569 07:25,0.95
คลองสองต้นนุ่น,27/09/2569 07:30,0.95
คลองสองต้นนุ่น,27/09/2569 07:35,0.95
คลองสองต้นนุ่น,27/09/2569 07:40,0.95
คลองสองต้นนุ่น,27/09/2569 07:45,0.95
คลองสองต้นนุ่น,27/09/2569 07:50,0.95
คลองสองต้นนุ่น,27/09/2569 07:55,0.95
คลองสองต้นนุ่น,27/09/2569 08:00,0.95
คลองสองต้นนุ่น,27/09/2569 08:05,0.96
คลองสองต้นนุ่น,27/09/2569 08:10,0.95
คลองสองต้นนุ่น,27/09/2569 08:15,0.95
คลองสองต้นนุ่น,27/09/2569 08:20,0.96
คลองสองต้นนุ่น,27/09/2569 08:25,0.96
คลองสองต้นนุ่น,27/09/2569 08:30,0.96
คลองสองต้นนุ่น,27/09/2569 08:35,0.96
คลองสองต้นนุ่น,27/09/2569 08:40,0.96
คลองสองต้นนุ่น,27/09/2569 08:45,0.96
คลองสองต้นนุ่น,27/09/2569 08:50,0.96
คลองสองต้นนุ่น,27/09/2569 08:55,0.96
คลองสองต้นนุ่น,27/09/2569 09:00,0.96
คลองสองต้นนุ่น,27/09/2569 09:05,0.96
คลองสองต้นนุ่น,27/09/2569 09:10,0.96
คลองสองต้นนุ่น,27/09/2569 09:15,0.96
คลองสองต้นนุ่น,27/09/2569 09:20,0.96
คลองสองต้นนุ่น,27/09/2569 09:25,0.96
คลองสองต้นนุ่น,27/09/2569 09:30,0.96
คลองสองต้นนุ่น,27/09/2569 09:35,0.96
คลองสองต้นนุ่น,27/09/2569 09:40,0.96
คลองสองต้นนุ่น,27/09/2569 09:45,0.96
คลองสองต้นนุ่น,27/09/2569 09:50,0.96
คลองสองต้นนุ่น,27/09/2569 09:55,0.96
คลองสองต้นนุ่น,27/09/2569 10:00,0.96
คลองสองต้นนุ่น,27/09/2569 10:05,0.96
คลองสองต้นนุ่น,27/09/2569 10:10,0.96
คลองสองต้นนุ่น,27/09/2569 10:15,0.96
คลองสองต้นนุ่น,27/09/2569 10:20,0.96
คลองสองต้นนุ่น,27/09/2569 10:25,0.96
คลองสองต้นนุ่น,27/09/2569 10:30,0.96
คลองสองต้นนุ่น,27/09/2569 10:35,0.96
คลองสองต้นนุ่น,27/09/2569 10:40,0.96
คลองสองต้นนุ่น,27/09/2569 10:45,0.96
คลองสองต้นนุ่น,27/09/2569 10:50,0.96
คลองสองต้นนุ่น,27/09/2569 10:55,0.96
คลองสองต้นนุ่น,27/09/2569 11:00,0.96
คลองสองต้นนุ่น,27/09/2569 11:05,0.96
คลองสองต้นนุ่น,27/09/2569 11:10,0.96
คลองสองต้นนุ่น,27/09/2569 11:15,0.96
คลองสองต้นนุ่น,27/09/2569 11:20,0.96
คลองสองต้นนุ่น,27/09/2569 11:25,0.96
คลองสองต้นนุ่น,27/09/2569 11:30,0.96
คลองสองต้นนุ่น,27/09/2569 11:35,0.96
คลองสองต้นนุ่น,27/09/2569 11:40,0.96
คลองสองต้นนุ่น,27/09/2569 11:45,0.95
คลองสองต้นนุ่น,27/09/2569 11:50,0.96
คลองสองต้นนุ่น,27/09/2569 11:55,0.95
คลองสองต้นนุ่น,27/09/2569 12:00,0.96
คลองสองต้นนุ่น,27/09/2569 12:05,0.95
คลองสองต้นนุ่น,27/09/2569 12:10,0.95
คลองสองต้นนุ่น,27/09/2569 12:15,0.95
คลองสองต้นนุ่น,27/09/2569 12:20,0.95
คลองสองต้นนุ่น,27/09/2569 12:25,0.95
คลองสองต้นนุ่น,27/09/2569 12:30,0.96
คลองสองต้นนุ่น,27/09/2569 12:35,0.96
คลองสองต้นนุ่น,27/09/2569 12:40,0.95
คลองสองต้นนุ่น,27/09/2569 12:45,0.96
คลองสองต้นนุ่น,27/09/2569 12:50,0.96
คลองสองต้นนุ่น,27/09/2569 12:55,0.96
คลองสองต้นนุ่น,27/09/2569 13:00,0.96
คลองสองต้นนุ่น,27/09/2569 13:05,0.96
คลองสองต้นนุ่น,27/09/2569 13:10,0.96
คลองสองต้นนุ่น,27/09/2569 13:15,0.95
คลองสองต้นนุ่น,27/09/2569 13:20,0.96
คลองสองต้นนุ่น,27/09/2569 13:25,0.96
คลองสองต้นนุ่น,27/09/2569 13:30,0.96
คลองสองต้นนุ่น,27/09/2569 13:35,0.96
คลองสองต้นนุ่น,27/09/2569 13:40,0.96
คลองสองต้นนุ่น,27/09/2569 13:45,0.97
คลองสองต้นนุ่น,27/09/2569 13:50,0.97
คลองสองต้นนุ่น,27/09/2569 13:55,0.97
คลองสองต้นนุ่น,27/09/2569 14:00,0.97
คลองสองต้นนุ่น,27/09/2569 14:05,0.97
คลองสองต้นนุ่น,27/09/2569 14:10,0.97
คลองสองต้นนุ่น,27/09/2569 14:15,0.97
คลองสองต้นนุ่น,27/09/2569 14:20,0.97
คลองสองต้นนุ่น,27/09/2569 14:25,0.97
คลองสองต้นนุ่น,27/09/2569 14:30,0.97
คลองสองต้นนุ่น,27/09/2569 14:35,0.97
คลองสองต้นนุ่น,27/09/2569 14:40,0.97
คลองสองต้นนุ่น,27/09/2569 14:45,0.97
คลองสองต้นนุ่น,27/09/2569 14:50,0.97
คลองสองต้นนุ่น,27/09/2569 14:55,0.97
คลองสองต้นนุ่น,27/09/2569 15:00,0.96
คลองสองต้นนุ่น,27/09/2569 15:05,0.97
คลองสองต้นนุ่น,27/09/2569 15:10,0.97
คลองสองต้นนุ่น,27/09/2569 15:15,0.97
คลองสองต้นนุ่น,27/09/2569 15:20,0.97
คลองสองต้นนุ่น,27/09/2569 15:25,0.97
คลองสองต้นนุ่น,27/09/2569 15:30,0.97
คลองสองต้นนุ่น,27/09/2569 15:35,0.97
คลองสองต้นนุ่น,27/09/2569 15:40,0.97
คลองสองต้นนุ่น,27/09/2569 15:45,0.97
คลองสองต้นนุ่น,27/09/2569 15:50,0.97
คลองสองต้นนุ่น,27/09/2569 15:55,0.97
คลองสองต้นนุ่น,27/09/2569 16:00,0.97
คลองสองต้นนุ่น,27/09/2569 16:05,0.97
คลองสองต้นนุ่น,27/09/2569 16:10,0.97
คลองสองต้นนุ่น,27/09/2569 16:15,0.97
คลองสองต้นนุ่น,27/09/2569 16:20,0.97
คลองสองต้นนุ่น,27/09/2569 16:25,0.97
คลองสองต้นนุ่น,27/09/2569 16:30,0.97
คลองสองต้นนุ่น,27/09/2569 16:35,0.97
คลองสองต้นนุ่น,27/09/2569 16:40,0.97
คลองสองต้นนุ่น,27/09/2569 16:45,0.96
คลองสองต้นนุ่น,27/09/2569 16:50,0.97
คลองสองต้นนุ่น,27/09/2569 16:55,0.97
คลองสองต้นนุ่น,27/09/2569 17:00,0.97
คลองสองต้นนุ่น,27/09/2569 17:05,0.97
คลองสองต้นนุ่น,27/09/2569 17:10,0.97
คลองสองต้นนุ่น,27/09/2569 17:15,0.97
คลองสองต้นนุ่น,27/09/2569 17:20,0.97
คลองสองต้นนุ่น,27/09/2569 17:25,0.97
คลองสองต้นนุ่น,27/09/2569 17:30,0.97
คลองสองต้นนุ่น,27/09/2569 17:35,0.97
คลองสองต้นนุ่น,27/09/2569 17:40,0.96
คลองสองต้นนุ่น,27/09/2569 17:45,0.97
คลองสองต้นนุ่น,27/09/2569 17:50,0.96
คลองสองต้นนุ่น,27/09/2569 17:55,0.97
คลองสองต้นนุ่น,27/09/2569 18:00,0.96
คลองสองต้นนุ่น,27/09/2569 18:05,0.97
คลองสองต้นนุ่น,27/09/2569 18:10,0.96
คลองสองต้นนุ่น,27/09/2569 18:15,0.96
คลองสองต้นนุ่น,27/09/2569 18:20,0.96
คลองสองต้นนุ่น,27/09/2569 18:25,0.96
คลองสองต้นนุ่น,27/09/2569 18:30,0.96
คลองสองต้นนุ่น,27/09/2569 18:35,0.96
คลองสองต้นนุ่น,27/09/2569 18:40,0.96
คลองสองต้นนุ่น,27/09/2569 18:45,0.96
คลองสองต้นนุ่น,27/09/2569 18:50,0.96
คลองสองต้นนุ่น,27/09/2569 18:55,0.96
คลองสองต้นนุ่น,27/09/2569 19:00,0.96
คลองสองต้นนุ่น,27/09/2569 19:10,0.96
คลองสองต้นนุ่น,27/09/2569 19:15,0.96
คลองสองต้นนุ่น,27/09/2569 19:20,0.96
คลองสองต้นนุ่น,27/09/2569 19:25,0.96
คลองสองต้นนุ่น,27/09/2569 19:30,0.96
คลองสองต้นนุ่น,27/09/2569 19:35,0.96
คลองสองต้นนุ่น,27/09/2569 19:40,0.96
คลองสองต้นนุ่น,27/09/2569 19:45,0.96
คลองสองต้นนุ่น,27/09/2569 19:50,0.96
คลองสองต้นนุ่น,27/09/2569 19:55,0.96
คลองสองต้นนุ่น,27/09/2569 20:00,0.96
คลองสองต้นนุ่น,27/09/2569 20:05,0.96
คลองสองต้นนุ่น,27/09/2569 20:10,0.96
คลองสองต้นนุ่น,27/09/2569 20:15,0.96
คลองสองต้นนุ่น,27/09/2569 20:20,0.96
คลองสองต้นนุ่น,27/09/2569 20:25,0.96
คลองสองต้นนุ่น,27/09/2569 20:30,0.96
คลองสองต้นนุ่น,27/09/2569 20:35,0.96
คลองสองต้นนุ่น,27/09/2569 20:40,0.96
คลองสองต้นนุ่น,27/09/2569 20:45,0.96
คลองสองต้นนุ่น,27/09/2569 20:50,0.96
คลองสองต้นนุ่น,27/09/2569 20:55,0.96
คลองสองต้นนุ่น,27/09/2569 21:00,0.96
คลองสองต้นนุ่น,27/09/2569 21:05,0.96
คลองสองต้นนุ่น,27/09/2569 21:10,0.96
คลองสองต้นนุ่น,27/09/2569 21:15,0.96
คลองสองต้นนุ่น,27/09/2569 21:20,0.96
คลองสองต้นนุ่น,27/09/2569 21:25,0.96
คลองสองต้นนุ่น,27/09/2569 21:30,0.96
คลองสองต้นนุ่น,27/09/2569 21:35,0.96
คลองสองต้นนุ่น,27/09/2569 21:40,0.96
คลองสองต้นนุ่น,27/09/2569 21:45,0.96
คลองสองต้นนุ่น,27/09/2569 21:50,0.96
คลองสองต้นนุ่น,27/09/2569 21:55,0.96
คลองสองต้นนุ่น,27/09/2569 22:00,0.96
คลองสองต้นนุ่น,27/09/2569 22:05,0.96
คลองสองต้นนุ่น,27/09/2569 22:10,0.96
คลองสองต้นนุ่น,27/09/2569 22:15,0.96
คลองสองต้นนุ่น,27/09/2569 22:20,0.96
คลองสองต้นนุ่น,27/09/2569 22:25,0.96
คลองสองต้นนุ่น,27/09/2569 22:30,0.96
คลองสองต้นนุ่น,27/09/2569 22:35,0.96
คลองสองต้นนุ่น,27/09/2569 22:40,0.96
คลองสองต้นนุ่น,27/09/2569 22:45,0.96
คลองสองต้นนุ่น,27/09/2569 22:50,0.96
คลองสองต้นนุ่น,27/09/2569 22:55,0.96
คลองสองต้นนุ่น,27/09/2569 23:00,0.96
คลองสองต้นนุ่น,27/09/2569 23:05,0.96
คลองสองต้นนุ่น,27/09/2569 23:10,0.96
คลองสองต้นนุ่น,27/09/2569 23:15,0.96
คลองสองต้นนุ่น,27/09/2569 23:20,0.96
คลองสองต้นนุ่น,27/09/2569 23:25,0.96
คลองสองต้นนุ่น,27/09/2569 23:30,0.96
คลองสองต้นนุ่น,27/09/2569 23:35,0.96
คลองสองต้นนุ่น,27/09/2569 23:40,0.96
คลองสองต้นนุ่น,27/09/2569 23:45,0.96
คลองสองต้นนุ่น,27/09/2569 23:50,0.96
คลองสองต้นนุ่น,27/09/2569 23:55,0.96
คลองสองต้นนุ่น,28/09/2569 00:00,0.96
คลองสองต้นนุ่น,28/09/2569 00:05,0.96
คลองสองต้นนุ่น,28/09/2569 00:10,0.96
คลองสองต้นนุ่น,28/09/2569 00:15,0.96
คลองสองต้นนุ่น,28/09/2569 00:20,0.96
คลองสองต้นนุ่น,28/09/2569 00:25,0.96
คลองสองต้นนุ่น,28/09/2569 00:30,0.96
คลองสองต้นนุ่น,28/09/2569 00:35,0.96
คลองสองต้นนุ่น,28/09/2569 00:40,0.96
คลองสองต้นนุ่น,28/09/2569 00:45,0.96
คลองสองต้นนุ่น,28/09/2569 00:50,0.96
คลองสองต้นนุ่น,28/09/2569 00:55,0.96
คลองสองต้นนุ่น,28/09/2569 01:00,0.96
คลองสองต้นนุ่น,28/09/2569 01:05,0.96
คลองสองต้นนุ่น,28/09/2569 01:10,0.96
คลองสองต้นนุ่น,28/09/2569 01:15,0.96
คลองสองต้นนุ่น,28/09/2569 01:20,0.96
คลองสองต้นนุ่น,28/09/2569 01:25,0.96
คลองสองต้นนุ่น,28/09/2569 01:30,0.96
คลองสองต้นนุ่น,28/09/2569 01:35,0.96
คลองสองต้นนุ่น,28/09/2569 01:40,0.96
คลองสองต้นนุ่น,28/09/2569 01:45,0.96
คลองสองต้นนุ่น,28/09/2569 01:50,0.96
คลองสองต้นนุ่น,28/09/2569 01:55,0.96
คลองสองต้นนุ่น,28/09/2569 02:00,0.96
คลองสองต้นนุ่น,28/09/2569 02:05,0.96
คลองสองต้นนุ่น,28/09/2569 02:10,0.96
คลองสองต้นนุ่น,28/09/2569 02:15,0.96
คลองสองต้นนุ่น,28/09/2569 02:20,0.96
คลองสองต้นนุ่น,28/09/2569 02:25,0.96
คลองสองต้นนุ่น,28/09/2569 02:30,0.96
คลองสองต้นนุ่น,28/09/2569 02:35,0.96
คลองสองต้นนุ่น,28/09/2569 02:40,0.96
คลองสองต้นนุ่น,28/09/2569 02:45,0.96
คลองสองต้นนุ่น,28/09/2569 02:50,0.96
คลองสองต้นนุ่น,28/09/2569 02:55,0.96
คลองสองต้นนุ่น,28/09/2569 03:00,0.96
คลองสองต้นนุ่น,28/09/2569 03:05,0.96
คลองสองต้นนุ่น,28/09/2569 03:10,0.96
คลองสองต้นนุ่น,28/09/2569 03:15,0.96
คลองสองต้นนุ่น,28/09/2569 03:20,0.97
คลองสองต้นนุ่น,28/09/2569 03:25,0.98
คลองสองต้นนุ่น,28/09/2569 03:30,0.98
คลองสองต้นนุ่น,28/09/2569 03:35,0.98
คลองสองต้นนุ่น,28/09/2569 03:40,0.98
คลองสองต้นนุ่น,28/09/2569 03:45,0.98
คลองสองต้นนุ่น,28/09/2569 03:50,0.98
คลองสองต้นนุ่น,28/09/2569 03:55,0.98
คลองสองต้นนุ่น,28/09/2569 04:00,0.98
คลองสองต้นนุ่น,28/09/2569 04:05,0.98
คลองสองต้นนุ่น,28/09/2569 04:10,0.98
คลองสองต้นนุ่น,28/09/2569 04:15,0.98
คลองสองต้นนุ่น,28/09/2569 04:20,0.98
คลองสองต้นนุ่น,28/09/2569 04:25,0.97
คลองสองต้นนุ่น,28/09/2569 04:30,0.98
คลองสองต้นนุ่น,28/09/2569 04:35,0.98
คลองสองต้นนุ่น,28/09/2569 04:40,0.98
คลองสองต้นนุ่น,28/09/2569 04:45,0.98
คลองสองต้นนุ่น,28/09/2569 04:50,0.98
คลองสองต้นนุ่น,28/09/2569 04:55,0.98
คลองสองต้นนุ่น,28/09/2569 05:00,0.98
คลองสองต้นนุ่น,28/09/2569 05:05,0.98
คลองสองต้นนุ่น,28/09/2569 05:10,0.98
คลองสองต้นนุ่น,28/09/2569 05:15,0.98
คลองสองต้นนุ่น,28/09/2569 05:20,0.98
คลองสองต้นนุ่น,28/09/2569 05:25,0.98
คลองสองต้นนุ่น,28/09/2569 05:30,0.98
คลองสองต้นนุ่น,28/09/2569 05:35,0.98
คลองสองต้นนุ่น,28/09/2569 05:40,0.98
คลองสองต้นนุ่น,28/09/2569 05:45,0.98
คลองสองต้นนุ่น,28/09/2569 05:50,0.98
คลองสองต้นนุ่น,28/09/2569 05:55,0.98
คลองสองต้นนุ่น,28/09/2569 06:00,0.98
คลองสองต้นนุ่น,28/09/2569 06:05,0.98
คลองสองต้นนุ่น,28/09/2569 06:10,0.98
คลองสองต้นนุ่น,28/09/2569 06:15,0.98
คลองสองต้นนุ่น,28/09/2569 06:20,0.98
คลองสองต้นนุ่น,28/09/2569 06:25,0.98
คลองสองต้นนุ่น,28/09/2569 06:30,0.98
คลองสองต้นนุ่น,28/09/2569 06:35,0.98
คลองสองต้นนุ่น,28/09/2569 06:40,0.98
คลองสองต้นนุ่น,28/09/2569 06:45,0.98
คลองสองต้นนุ่น,28/09/2569 06:50,0.98
คลองสองต้นนุ่น,28/09/2569 06:55,0.98
คลองสองต้นนุ่น,28/09/2569 07:00,0.98
คลองสองต้นนุ่น,28/09/2569 07:05,0.97
คลองสองต้นนุ่น,28/09/2569 07:10,0.98
คลองสองต้นนุ่น,28/09/2569 07:15,0.98
คลองสองต้นนุ่น,28/09/2569 07:20,0.97
คลองสองต้นนุ่น,28/09/2569 07:25,0.97
คลองสองต้นนุ่น,28/09/2569 07:30,0.97
คลองสองต้นนุ่น,28/09/2569 07:35,0.97
คลองสองต้นนุ่น,28/09/2569 07:40,0.97
คลองสองต้นนุ่น,28/09/2569 07:45,0.97
คลองสองต้นนุ่น,28/09/2569 07:50,0.97
คลองสองต้นนุ่น,28/09/2569 07:55,0.97
คลองสองต้นนุ่น,28/09/2569 08:00,0.97
คลองสองต้นนุ่น,28/09/2569 08:05,0.97
คลองสองต้นนุ่น,28/09/2569 08:10,0.97
คลองสองต้นนุ่น,28/09/2569 08:15,0.97
คลองสองต้นนุ่น,28/09/2569 08:20,0.97
คลองสองต้นนุ่น,28/09/2569 08:25,0.97
คลองสองต้นนุ่น,28/09/2569 08:30,0.97
คลองสองต้นนุ่น,28/09/2569 08:35,0.97
คลองสองต้นนุ่น,28/09/2569 08:40,0.97
คลองสองต้นนุ่น,28/09/2569 08:45,0.97
คลองสองต้นนุ่น,28/09/2569 08:50,0.97
คลองสองต้นนุ่น,28/09/2569 08:55,0.97
คลองสองต้นนุ่น,28/09/2569 09:00,0.97
คลองสองต้นนุ่น,28/09/2569 09:05,0.97
คลองสองต้นนุ่น,28/09/2569 09:10,0.97
คลองสองต้นนุ่น,28/09/2569 09:15,0.97
คลองสองต้นนุ่น,28/09/2569 09:20,0.97
คลองสองต้นนุ่น,28/09/2569 09:25,0.97
คลองสองต้นนุ่น,28/09/2569 09:30,0.97
คลองสองต้นนุ่น,28/09/2569 09:35,0.97
คลองสองต้นนุ่น,28/09/2569 09:40,0.97
คลองสองต้นนุ่น,28/09/2569 09:45,0.97
คลองสองต้นนุ่น,28/09/2569 09:50,0.97
คลองสองต้นนุ่น,28/09/2569 09:55,0.97
คลองสองต้นนุ่น,28/09/2569 10:00,0.97
คลองสองต้นนุ่น,28/09/2569 10:05,0.97
คลองสองต้นนุ่น,28/09/2569 10:10,0.97
คลองสองต้นนุ่น,28/09/2569 10:15,0.97
คลองสองต้นนุ่น,28/09/2569 10:20,0.97
คลองสองต้นนุ่น,28/09/2569 10:25,0.97
คลองสองต้นนุ่น,28/09/2569 10:30,0.97
คลองสองต้นนุ่น,28/09/2569 10:35,0.97
คลองสองต้นนุ่น,28/09/2569 10:40,0.97
คลองสองต้นนุ่น,28/09/2569 10:45,0.97
คลองสองต้นนุ่น,28/09/2569 10:50,0.97
คลองสองต้นนุ่น,28/09/2569 10:55,0.97
คลองสองต้นนุ่น,28/09/2569 11:00,0.97
คลองสองต้นนุ่น,28/09/2569 11:05,0.97
คลองสองต้นนุ่น,28/09/2569 11:10,0.97
คลองสองต้นนุ่น,28/09/2569 11:15,0.97
คลองสองต้นนุ่น,28/09/2569 11:20,0.97
คลองสองต้นนุ่น,28/09/2569 11:25,0.97
คลองสองต้นนุ่น,28/09/2569 11:30,0.97
คลองสองต้นนุ่น,28/09/2569 11:35,0.97
คลองสองต้นนุ่น,28/09/2569 11:40,0.97
คลองสองต้นนุ่น,28/09/2569 11:45,0.97
คลองสองต้นนุ่น,28/09/2569 11:50,0.97
คลองสองต้นนุ่น,28/09/2569 11:55,0.97
คลองสองต้นนุ่น,28/09/2569 12:00,0.97
คลองสองต้นนุ่น,28/09/2569 12:05,0.97
คลองสองต้นนุ่น,28/09/2569 12:10,0.97
คลองสองต้นนุ่น,28/09/2569 12:15,0.97
คลองสองต้นนุ่น,28/09/2569 12:20,0.97
คลองสองต้นนุ่น,28/09/2569 12:25,0.97
คลองสองต้นนุ่น,28/09/2569 12:30,0.97
คลองสองต้นนุ่น,28/09/2569 12:35,0.97
คลองสองต้นนุ่น,28/09/2569 12:40,0.97
คลองสองต้นนุ่น,28/09/2569 12:45,0.97
คลองสองต้นนุ่น,28/09/2569 12:50,0.97
คลองสองต้นนุ่น,28/09/2569 12:55,0.97
คลองสองต้นนุ่น,28/09/2569 13:00,0.97
คลองสองต้นนุ่น,28/09/2569 13:05,0.97
คลองสองต้นนุ่น,28/09/2569 13:10,0.97
คลองสองต้นนุ่น,28/09/2569 13:15,0.97
คลองสองต้นนุ่น,28/09/2569 13:20,0.97
คลองสองต้นนุ่น,28/09/2569 13:25,0.97
คลองสองต้นนุ่น,28/09/2569 13:30,0.97
คลองสองต้นนุ่น,28/09/2569 13:35,0.97
คลองสองต้นนุ่น,28/09/2569 13:40,0.97
คลองสองต้นนุ่น,28/09/2569 13:45,0.97
คลองสองต้นนุ่น,28/09/2569 13:50,0.97
คลองสองต้นนุ่น,28/09/2569 13:55,0.97
คลองสองต้นนุ่น,28/09/2569 14:00,0.97
คลองสองต้นนุ่น,28/09/2569 14:05,0.97
คลองสองต้นนุ่น,28/09/2569 14:10,0.97
คลองสองต้นนุ่น,28/09/2569 14:15,0.97
คลองสองต้นนุ่น,28/09/2569 14:20,0.97
คลองสองต้นนุ่น,28/09/2569 14:25,0.97
คลองสองต้นนุ่น,28/09/2569 14:30,0.97
คลองสองต้นนุ่น,28/09/2569 14:35,0.97
คลองสองต้นนุ่น,28/09/2569 14:40,0.97
คลองสองต้นนุ่น,28/09/2569 14:45,0.97
คลองสองต้นนุ่น,28/09/2569 14:50,0.97
คลองสองต้นนุ่น,28/09/2569 14:55,0.97
คลองสองต้นนุ่น,28/09/2569 15:00,0.97
คลองสองต้นนุ่น,28/09/2569 15:05,0.97
คลองสองต้นนุ่น,28/09/2569 15:10,0.97
คลองสองต้นนุ่น,28/09/2569 15:15,0.96
คลองสองต้นนุ่น,28/09/2569 15:20,0.96
คลองสองต้นนุ่น,28/09/2569 15:25,0.96
คลองสองต้นนุ่น,28/09/2569 15:30,0.96
คลองสองต้นนุ่น,28/09/2569 15:35,0.96
คลองสองต้นนุ่น,28/09/2569 15:40,0.96
คลองสองต้นนุ่น,28/09/2569 15:45,0.96
คลองสองต้นนุ่น,28/09/2569 15:50,0.96
คลองสองต้นนุ่น,28/09/2569 15:55,0.96
คลองสองต้นนุ่น,28/09/2569 16:00,0.96
คลองสองต้นนุ่น,28/09/2569 16:05,0.96
คลองสองต้นนุ่น,28/09/2569 16:10,0.96
คลองสองต้นนุ่น,28/09/2569 16:15,0.96
คลองสองต้นนุ่น,28/09/2569 16:20,0.96
คลองสองต้นนุ่น,28/09/2569 16:25,0.96
คลองสองต้นนุ่น,28/09/2569 16:30,0.96
คลองสองต้นนุ่น,28/09/2569 16:35,0.96
คลองสองต้นนุ่น,28/09/2569 16:40,0.96
คลองสองต้นนุ่น,28/09/2569 16:45,0.96
คลองสองต้นนุ่น,28/09/2569 16:50,0.96
คลองสองต้นนุ่น,28/09/2569 16:55,0.96
คลองสองต้นนุ่น,28/09/2569 17:00,0.96
คลองสองต้นนุ่น,28/09/2569 17:05,0.96
คลองสองต้นนุ่น,28/09/2569 17:10,0.96
คลองสองต้นนุ่น,28/09/2569 17:15,0.96
คลองสองต้นนุ่น,28/09/2569 17:20,0.96
คลองสองต้นนุ่น,28/09/2569 17:25,0.96
คลองสองต้นนุ่น,28/09/2569 17:30,0.96
คลองสองต้นนุ่น,28/09/2569 17:35,0.96
คลองสองต้นนุ่น,28/09/2569 17:40,0.96
คลองสองต้นนุ่น,28/09/2569 17:45,0.96
คลองสองต้นนุ่น,28/09/2569 17:50,0.96
คลองสองต้นนุ่น,28/09/2569 17:55,0.96
คลองสองต้นนุ่น,28/09/2569 18:00,0.96
คลองสองต้นนุ่น,28/09/2569 18:05,0.96
คลองสองต้นนุ่น,28/09/2569 18:10,0.96
คลองสองต้นนุ่น,28/09/2569 18:15,0.96
คลองสองต้นนุ่น,28/09/2569 18:20,0.96
คลองสองต้นนุ่น,28/09/2569 18:25,0.96
คลองสองต้นนุ่น,28/09/2569 18:30,0.96
คลองสองต้นนุ่น,28/09/2569 18:35,0.96
คลองสองต้นนุ่น,28/09/2569 18:40,0.96
คลองสองต้นนุ่น,28/09/2569 18:45,0.96
คลองสองต้นนุ่น,28/09/2569 18:50,0.96
คลองสองต้นนุ่น,28/09/2569 18:55,0.96
คลองสองต้นนุ่น,28/09/2569 19:00,0.96
คลองสองต้นนุ่น,28/09/2569 19:05,0.96
คลองสองต้นนุ่น,28/09/2569 19:10,0.96
คลองสองต้นนุ่น,28/09/2569 19:20,0.96
คลองสองต้นนุ่น,28/09/2569 19:25,0.96
คลองสองต้นนุ่น,28/09/2569 19:30,0.96
คลองสองต้นนุ่น,28/09/2569 19:35,0.96
คลองสองต้นนุ่น,28/09/2569 19:40,0.96
คลองสองต้นนุ่น,28/09/2569 19:45,0.96
คลองสองต้นนุ่น,28/09/2569 19:50,0.96
คลองสองต้นนุ่น,28/09/2569 19:55,0.96
คลองสองต้นนุ่น,28/09/2569 20:00,0.96
คลองสองต้นนุ่น,28/09/2569 20:05,0.96
คลองสองต้นนุ่น,28/09/2569 20:10,0.96
คลองสองต้นนุ่น,28/09/2569 20:15,0.96
คลองสองต้นนุ่น,28/09/2569 20:20,0.96
คลองสองต้นนุ่น,28/09/2569 20:25,0.96
คลองสองต้นนุ่น,28/09/2569 20:30,0.96
คลองสองต้นนุ่น,28/09/2569 20:35,0.96
คลองสองต้นนุ่น,28/09/2569 20:40,0.96
คลองสองต้นนุ่น,28/09/2569 20:45,0.96
คลองสองต้นนุ่น,28/09/2569 20:50,0.96
คลองสองต้นนุ่น,28/09/2569 20:55,0.96
คลองสองต้นนุ่น,28/09/2569 21:00,0.96
คลองสองต้นนุ่น,28/09/2569 21:05,0.96
คลองสองต้นนุ่น,28/09/2569 21:10,0.96
คลองสองต้นนุ่น,28/09/2569 21:15,0.96
คลองสองต้นนุ่น,28/09/2569 21:20,0.95
คลองสองต้นนุ่น,28/09/2569 21:25,0.95
คลองสองต้นนุ่น,28/09/2569 21:30,0.95
คลองสองต้นนุ่น,28/09/2569 21:35,0.96
คลองสองต้นนุ่น,28/09/2569 21:40,0.95
คลองสองต้นนุ่น,28/09/2569 21:45,0.95
คลองสองต้นนุ่น,28/09/2569 21:50,0.95
คลองสองต้นนุ่น,28/09/2569 21:55,0.95
คลองสองต้นนุ่น,28/09/2569 22:00,0.95
คลองสองต้นนุ่น,28/09/2569 22:05,0.95
คลองสองต้นนุ่น,28/09/2569 22:10,0.95
คลองสองต้นนุ่น,28/09/2569 22:15,0.95
คลองสองต้นนุ่น,28/09/2569 22:20,0.95
คลองสองต้นนุ่น,28/09/2569 22:25,0.95
คลองสองต้นนุ่น,28/09/2569 22:30,0.95
คลองสองต้นนุ่น,28/09/2569 22:35,0.95
คลองสองต้นนุ่น,28/09/2569 22:40,0.95
คลองสองต้นนุ่น,28/09/2569 22:45,0.95
คลองสองต้นนุ่น,28/09/2569 22:50,0.95
คลองสองต้นนุ่น,28/09/2569 22:55,0.95
คลองสองต้นนุ่น,28/09/2569 23:00,0.95
คลองสองต้นนุ่น,28/09/2569 23:05,0.95
คลองสองต้นนุ่น,28/09/2569 23:10,0.95
คลองสองต้นนุ่น,28/09/2569 23:15,0.95
คลองสองต้นนุ่น,28/09/2569 23:20,0.95
คลองสองต้นนุ่น,28/09/2569 23:25,0.95
คลองสองต้นนุ่น,28/09/2569 23:30,0.95
คลองสองต้นนุ่น,28/09/2569 23:35,0.95
คลองสองต้นนุ่น,28/09/2569 23:40,0.95
คลองสองต้นนุ่น,28/09/2569 23:45,0.95
คลองสองต้นนุ่น,28/09/2569 23:50,0.95
คลองสองต้นนุ่น,28/09/2569 23:55,0.95
คลองสองต้นนุ่น,29/09/2569 00:00,0.95
คลองสองต้นนุ่น,29/09/2569 00:05,0.95
คลองสองต้นนุ่น,29/09/2569 00:10,0.95
คลองสองต้นนุ่น,29/09/2569 00:15,0.95
คลองสองต้นนุ่น,29/09/2569 00:20,0.95
คลองสองต้นนุ่น,29/09/2569 00:25,0.95
คลองสองต้นนุ่น,29/09/2569 00:30,0.95
คลองสองต้นนุ่น,29/09/2569 00:35,0.95
คลองสองต้นนุ่น,29/09/2569 00:40,0.95
คลองสองต้นนุ่น,29/09/2569 00:45,0.95
คลองสองต้นนุ่น,29/09/2569 00:50,0.95
คลองสองต้นนุ่น,29/09/2569 00:55,0.95
คลองสองต้นนุ่น,29/09/2569 01:00,0.95
คลองสองต้นนุ่น,29/09/2569 01:05,0.95
คลองสองต้นนุ่น,29/09/2569 01:10,0.95
คลองสองต้นนุ่น,29/09/2569 01:15,0.95
คลองสองต้นนุ่น,29/09/2569 01:20,0.95
คลองสองต้นนุ่น,29/09/2569 01:25,0.95
คลองสองต้นนุ่น,29/09/2569 01:30,0.95
คลองสองต้นนุ่น,29/09/2569 01:35,0.95
คลองสองต้นนุ่น,29/09/2569 01:40,0.95
คลองสองต้นนุ่น,29/09/2569 01:45,0.95
คลองสองต้นนุ่น,29/09/2569 01:50,0.95
คลองสองต้นนุ่น,29/09/2569 01:55,0.95
คลองสองต้นนุ่น,29/09/2569 02:00,0.95
คลองสองต้นนุ่น,29/09/2569 02:05,0.95
คลองสองต้นนุ่น,29/09/2569 02:10,0.95
คลองสองต้นนุ่น,29/09/2569 02:15,0.95
คลองสองต้นนุ่น,29/09/2569 02:20,0.95
คลองสองต้นนุ่น,29/09/2569 02:25,0.94
คลองสองต้นนุ่น,29/09/2569 02:30,0.95
คลองสองต้นนุ่น,29/09/2569 02:35,0.94
คลองสองต้นนุ่น,29/09/2569 02:40,0.95
คลองสองต้นนุ่น,29/09/2569 02:45,0.95
คลองสองต้นนุ่น,29/09/2569 02:50,0.94
คลองสองต้นนุ่น,29/09/2569 02:55,0.94
คลองสองต้นนุ่น,29/09/2569 03:00,0.94
คลองสองต้นนุ่น,29/09/2569 03:05,0.94
คลองสองต้นนุ่น,29/09/2569 03:10,0.94
คลองสองต้นนุ่น,29/09/2569 03:15,0.94
คลองสองต้นนุ่น,29/09/2569 03:20,0.94
คลองสองต้นนุ่น,29/09/2569 03:25,0.94
คลองสองต้นนุ่น,29/09/2569 03:30,0.94
คลองสองต้นนุ่น,29/09/2569 03:35,0.94
คลองสองต้นนุ่น,29/09/2569 03:40,0.94
คลองสองต้นนุ่น,29/09/2569 03:45,0.94
คลองสองต้นนุ่น,29/09/2569 03:50,0.94
คลองสองต้นนุ่น,29/09/2569 03:55,0.94
คลองสองต้นนุ่น,29/09/2569 04:00,0.94
คลองสองต้นนุ่น,29/09/2569 04:05,0.94
คลองสองต้นนุ่น,29/09/2569 04:10,0.94
คลองสองต้นนุ่น,29/09/2569 04:15,0.94
คลองสองต้นนุ่น,29/09/2569 04:20,0.94
คลองสองต้นนุ่น,29/09/2569 04:25,0.94
คลองสองต้นนุ่น,29/09/2569 04:30,0.94
คลองสองต้นนุ่น,29/09/2569 04:35,0.94
คลองสองต้นนุ่น,29/09/2569 04:40,0.94
คลองสองต้นนุ่น,29/09/2569 04:45,0.94
คลองสองต้นนุ่น,29/09/2569 04:50,0.94
คลองสองต้นนุ่น,29/09/2569 04:55,0.94
คลองสองต้นนุ่น,29/09/2569 05:00,0.94
คลองสองต้นนุ่น,29/09/2569 05:05,0.94
คลองสองต้นนุ่น,29/09/2569 05:10,0.94
คลองสองต้นนุ่น,29/09/2569 05:15,0.94
คลองสองต้นนุ่น,29/09/2569 05:20,0.94
คลองสองต้นนุ่น,29/09/2569 05:25,0.94
คลองสองต้นนุ่น,29/09/2569 05:30,0.94
คลองสองต้นนุ่น,29/09/2569 05:35,0.94
คลองสองต้นนุ่น,29/09/2569 05:40,0.94
คลองสองต้นนุ่น,29/09/2569 05:45,0.94
คลองสองต้นนุ่น,29/09/2569 05:50,0.94
คลองสองต้นนุ่น,29/09/2569 05:55,0.94
คลองสองต้นนุ่น,29/09/2569 06:00,0.94
คลองสองต้นนุ่น,29/09/2569 06:05,0.94
คลองสองต้นนุ่น,29/09/2569 06:10,0.94
คลองสองต้นนุ่น,29/09/2569 06:15,0.94
คลองสองต้นนุ่น,29/09/2569 06:20,0.94
คลองสองต้นนุ่น,29/09/2569 06:25,0.94
คลองสองต้นนุ่น,29/09/2569 06:30,0.94
คลองสองต้นนุ่น,29/09/2569 06:35,0.93
คลองสองต้นนุ่น,29/09/2569 06:40,0.93
คลองสองต้นนุ่น,29/09/2569 06:45,0.93
คลองสองต้นนุ่น,29/09/2569 06:50,0.93
คลองสองต้นนุ่น,29/09/2569 06:55,0.93
คลองสองต้นนุ่น,29/09/2569 07:00,0.93
คลองสองต้นนุ่น,29/09/2569 07:05,0.93
คลองสองต้นนุ่น,29/09/2569 07:10,0.93
คลองสองต้นนุ่น,29/09/2569 07:15,0.93
คลองสองต้นนุ่น,29/09/2569 07:20,0.93
คลองสองต้นนุ่น,29/09/2569 07:25,0.93
คลองสองต้นนุ่น,29/09/2569 07:30,0.93
คลองสองต้นนุ่น,29/09/2569 07:35,0.93
คลองสองต้นนุ่น,29/09/2569 07:40,0.93
คลองสองต้นนุ่น,29/09/2569 07:45,0.93
คลองสองต้นนุ่น,29/09/2569 07:50,0.93
คลองสองต้นนุ่น,29/09/2569 07:55,0.93
คลองสองต้นนุ่น,29/09/2569 08:00,0.93
คลองสองต้นนุ่น,29/09/2569 08:05,0.93
คลองสองต้นนุ่น,29/09/2569 08:10,0.93
คลองสองต้นนุ่น,29/09/2569 08:15,0.93
คลองสองต้นนุ่น,29/09/2569 08:20,0.93
คลองสองต้นนุ่น,29/09/2569 08:25,0.93
คลองสองต้นนุ่น,29/09/2569 08:30,0.93
คลองสองต้นนุ่น,29/09/2569 08:35,0.93
คลองสองต้นนุ่น,29/09/2569 08:40,0.93
คลองสองต้นนุ่น,29/09/2569 08:45,0.93
คลองสองต้นนุ่น,29/09/2569 08:50,0.93
คลองสองต้นนุ่น,29/09/2569 08:55,0.93
คลองสองต้นนุ่น,29/09/2569 09:00,0.93
คลองสองต้นนุ่น,29/09/2569 09:05,0.93
คลองสองต้นนุ่น,29/09/2569 09:10,0.93
คลองสองต้นนุ่น,29/09/2569 09:15,0.92
คลองสองต้นนุ่น,29/09/2569 09:20,0.93
คลองสองต้นนุ่น,29/09/2569 09:25,0.93
คลองสองต้นนุ่น,29/09/2569 09:30,0.92
คลองสองต้นนุ่น,29/09/2569 09:35,0.92
คลองสองต้นนุ่น,29/09/2569 09:40,0.92
คลองสองต้นนุ่น,29/09/2569 09:45,0.92
คลองสองต้นนุ่น,29/09/2569 09:50,0.92
คลองสองต้นนุ่น,29/09/2569 09:55,0.92
คลองสองต้นนุ่น,29/09/2569 10:00,0.92
คลองสองต้นนุ่น,29/09/2569 10:05,0.92
คลองสองต้นนุ่น,29/09/2569 10:10,0.92
คลองสองต้นนุ่น,29/09/2569 10:15,0.92
คลองสองต้นนุ่น,29/09/2569 10:20,0.92
คลองสองต้นนุ่น,29/09/2569 10:25,0.92
คลองสองต้นนุ่น,29/09/2569 10:30,0.92
คลองสองต้นนุ่น,29/09/2569 10:35,0.92
คลองสองต้นนุ่น,29/09/2569 10:40,0.92
คลองสองต้นนุ่น,29/09/2569 10:45,0.92
คลองสองต้นนุ่น,29/09/2569 10:50,0.92
คลองสองต้นนุ่น,29/09/2569 10:55,0.92
คลองสองต้นนุ่น,29/09/2569 11:00,0.92
คลองสองต้นนุ่น,29/09/2569 11:05,0.92
คลองสองต้นนุ่น,29/09/2569 11:10,0.92
คลองสองต้นนุ่น,29/09/2569 11:15,0.92
คลองสองต้นนุ่น,29/09/2569 11:20,0.92
คลองสองต้นนุ่น,29/09/2569 11:25,0.92
คลองสองต้นนุ่น,29/09/2569 11:30,0.92
คลองสองต้นนุ่น,29/09/2569 11:35,0.92
คลองสองต้นนุ่น,29/09/2569 11:40,0.92
คลองสองต้นนุ่น,29/09/2569 11:45,0.92
คลองสองต้นนุ่น,29/09/2569 11:50,0.92
คลองสองต้นนุ่น,29/09/2569 11:55,0.92
คลองสองต้นนุ่น,29/09/2569 12:00,0.92
คลองสองต้นนุ่น,29/09/2569 12:05,0.92
คลองสองต้นนุ่น,29/09/2569 12:10,0.92
คลองสองต้นนุ่น,29/09/2569 12:15,0.92
คลองสองต้นนุ่น,29/09/2569 12:20,0.92
คลองสองต้นนุ่น,29/09/2569 12:25,0.92
คลองสองต้นนุ่น,29/09/2569 12:30,0.92
คลองสองต้นนุ่น,29/09/2569 12:35,0.92
คลองสองต้นนุ่น,29/09/2569 12:40,0.92
คลองสองต้นนุ่น,29/09/2569 12:45,0.92
คลองสองต้นนุ่น,29/09/2569 12:50,0.92
คลองสองต้นนุ่น,29/09/2569 12:55,0.92
คลองสองต้นนุ่น,29/09/2569 13:00,0.92
คลองสองต้นนุ่น,29/09/2569 13:05,0.92
คลองสองต้นนุ่น,29/09/2569 13:10,0.92
คลองสองต้นนุ่น,29/09/2569 13:15,0.92
คลองสองต้นนุ่น,29/09/2569 13:20,0.92
คลองสองต้นนุ่น,29/09/2569 13:25,0.92
คลองสองต้นนุ่น,29/09/2569 13:30,0.92
คลองสองต้นนุ่น,29/09/2569 13:35,0.92
คลองสองต้นนุ่น,29/09/2569 13:40,0.92
คลองสองต้นนุ่น,29/09/2569 13:45,0.92
คลองสองต้นนุ่น,29/09/2569 13:50,0.92
คลองสองต้นนุ่น,29/09/2569 13:55,0.92
คลองสองต้นนุ่น,29/09/2569 14:00,0.91
คลองสองต้นนุ่น,29/09/2569 14:05,0.92
คลองสองต้นนุ่น,29/09/2569 14:10,0.91
คลองสองต้นนุ่น,29/09/2569 14:15,0.91
คลองสองต้นนุ่น,29/09/2569 14:20,0.91
คลองสองต้นนุ่น,29/09/2569 14:25,0.91
คลองสองต้นนุ่น,29/09/2569 14:30,0.91
คลองสองต้นนุ่น,29/09/2569 14:35,0.91
คลองสองต้นนุ่น,29/09/2569 14:40,0.91
คลองสองต้นนุ่น,29/09/2569 14:45,0.91
คลองสองต้นนุ่น,29/09/2569 14:50,0.91
คลองสองต้นนุ่น,29/09/2569 14:55,0.91
คลองสองต้นนุ่น,29/09/2569 15:00,0.91
คลองสองต้นนุ่น,29/09/2569 15:05,0.91
คลองสองต้นนุ่น,29/09/2569 15:10,0.91
คลองสองต้นนุ่น,29/09/2569 15:15,0.91
คลองสองต้นนุ่น,29/09/2569 15:20,0.91
คลองสองต้นนุ่น,29/09/2569 15:25,0.91
คลองสองต้นนุ่น,29/09/2569 15:30,0.91
คลองสองต้นนุ่น,29/09/2569 15:35,0.91
คลองสองต้นนุ่น,29/09/2569 15:40,0.91
คลองสองต้นนุ่น,29/09/2569 15:45,0.91
คลองสองต้นนุ่น,29/09/2569 15:50,0.91
คลองสองต้นนุ่น,29/09/2569 15:55,0.91
คลองสองต้นนุ่น,29/09/2569 16:00,0.91
คลองสองต้นนุ่น,29/09/2569 16:05,0.91
คลองสองต้นนุ่น,29/09/2569 16:10,0.91
คลองสองต้นนุ่น,29/09/2569 16:15,0.91
คลองสองต้นนุ่น,29/09/2569 16:20,0.91
คลองสองต้นนุ่น,29/09/2569 16:25,0.91
คลองสองต้นนุ่น,29/09/2569 16:30,0.91
คลองสองต้นนุ่น,29/09/2569 16:35,0.91
คลองสองต้นนุ่น,29/09/2569 16:40,0.91
คลองสองต้นนุ่น,29/09/2569 16:45,0.91
คลองสองต้นนุ่น,29/09/2569 16:50,0.91
คลองสองต้นนุ่น,29/09/2569 16:55,0.91
คลองสองต้นนุ่น,29/09/2569 17:00,0.91
คลองสองต้นนุ่น,29/09/2569 17:05,0.91
คลองสองต้นนุ่น,29/09/2569 17:10,0.91
คลองสองต้นนุ่น,29/09/2569 17:15,0.91
คลองสองต้นนุ่น,29/09/2569 17:20,0.91
คลองสองต้นนุ่น,29/09/2569 17:25,0.91
คลองสองต้นนุ่น,29/09/2569 17:30,0.91
คลองสองต้นนุ่น,29/09/2569 17:35,0.91
คลองสองต้นนุ่น,29/09/2569 17:40,0.90
คลองสองต้นนุ่น,29/09/2569 17:45,0.91
คลองสองต้นนุ่น,29/09/2569 17:50,0.91
คลองสองต้นนุ่น,29/09/2569 17:55,0.91
คลองสองต้นนุ่น,29/09/2569 18:00,0.91
คลองสองต้นนุ่น,29/09/2569 18:05,0.91
คลองสองต้นนุ่น,29/09/2569 18:10,0.91
คลองสองต้นนุ่น,29/09/2569 18:15,0.91
คลองสองต้นนุ่น,29/09/2569 18:20,0.91
คลองสองต้นนุ่น,29/09/2569 18:25,0.91
คลองสองต้นนุ่น,29/09/2569 18:30,0.91
คลองสองต้นนุ่น,29/09/2569 18:35,0.91
คลองสองต้นนุ่น,29/09/2569 18:40,0.91
คลองสองต้นนุ่น,29/09/2569 18:45,0.91
คลองสองต้นนุ่น,29/09/2569 18:50,0.91
คลองสองต้นนุ่น,29/09/2569 18:55,0.90
คลองสองต้นนุ่น,29/09/2569 19:00,0.91
คลองสองต้นนุ่น,29/09/2569 19:05,0.91
คลองสองต้นนุ่น,29/09/2569 19:10,0.90
คลองสองต้นนุ่น,29/09/2569 19:15,0.90
คลองสองต้นนุ่น,29/09/2569 19:20,0.90
คลองสองต้นนุ่น,29/09/2569 19:25,0.90
คลองสองต้นนุ่น,29/09/2569 19:30,0.90
คลองสองต้นนุ่น,29/09/2569 19:35,0.90
คลองสองต้นนุ่น,29/09/2569 19:40,0.90
คลองสองต้นนุ่น,29/09/2569 19:45,0.90
คลองสองต้นนุ่น,29/09/2569 19:50,0.90
คลองสองต้นนุ่น,29/09/2569 19:55,0.90
คลองสองต้นนุ่น,29/09/2569 20:00,0.90
คลองสองต้นนุ่น,29/09/2569 20:05,0.90
คลองสองต้นนุ่น,29/09/2569 20:10,0.90
คลองสองต้นนุ่น,29/09/2569 20:15,0.90
คลองสองต้นนุ่น,29/09/2569 20:20,0.90
คลองสองต้นนุ่น,29/09/2569 20:25,0.90
คลองสองต้นนุ่น,29/09/2569 20:30,0.90
คลองสองต้นนุ่น,29/09/2569 20:35,0.90
คลองสองต้นนุ่น,29/09/2569 20:40,0.90
คลองสองต้นนุ่น,29/09/2569 20:45,0.90
คลองสองต้นนุ่น,29/09/2569 20:50,0.90
คลองสองต้นนุ่น,29/09/2569 20:55,0.90
คลองสองต้นนุ่น,29/09/2569 21:00,0.90
คลองสองต้นนุ่น,29/09/2569 21:05,0.90
คลองสองต้นนุ่น,29/09/2569 21:10,0.90
คลองสองต้นนุ่น,29/09/2569 21:15,0.90
คลองสองต้นนุ่น,29/09/2569 21:20,0.90
คลองสองต้นนุ่น,29/09/2569 21:25,0.90
คลองสองต้นนุ่น,29/09/2569 21:30,0.90
คลองสองต้นนุ่น,29/09/2569 21:35,0.90
คลองสองต้นนุ่น,29/09/2569 21:40,0.90
คลองสองต้นนุ่น,29/09/2569 21:45,0.90
คลองสองต้นนุ่น,29/09/2569 21:50,0.90
คลองสองต้นนุ่น,29/09/2569 21:55,0.90
คลองสองต้นนุ่น,29/09/2569 22:00,0.90
คลองสองต้นนุ่น,29/09/2569 22:05,0.90
คลองสองต้นนุ่น,29/09/2569 22:10,0.90
คลองสองต้นนุ่น,29/09/2569 22:15,0.90
คลองสองต้นนุ่น,29/09/2569 22:20,0.90
คลองสองต้นนุ่น,29/09/2569 22:25,0.90
คลองสองต้นนุ่น,29/09/2569 22:30,0.90
คลองสองต้นนุ่น,29/09/2569 22:35,0.90
คลองสองต้นนุ่น,29/09/2569 22:40,0.90
คลองสองต้นนุ่น,29/09/2569 22:45,0.90
คลองสองต้นนุ่น,29/09/2569 22:50,0.90
คลองสองต้นนุ่น,29/09/2569 22:55,0.90
คลองสองต้นนุ่น,29/09/2569 23:00,0.90
คลองสองต้นนุ่น,29/09/2569 23:05,0.90
คลองสองต้นนุ่น,29/09/2569 23:10,0.90
คลองสองต้นนุ่น,29/09/2569 23:15,0.90
คลองสองต้นนุ่น,29/09/2569 23:20,0.90
คลองสองต้นนุ่น,29/09/2569 23:25,0.90
คลองสองต้นนุ่น,29/09/2569 23:30,0.90
คลองสองต้นนุ่น,29/09/2569 23:35,0.90
คลองสองต้นนุ่น,29/09/2569 23:40,0.90
คลองสองต้นนุ่น,29/09/2569 23:45,0.90
คลองสองต้นนุ่น,29/09/2569 23:50,0.89
คลองสองต้นนุ่น,29/09/2569 23:55,0.89
คลองสองต้นนุ่น,30/09/2569 00:00,0.89
คลองสองต้นนุ่น,30/09/2569 00:05,0.89
คลองสองต้นนุ่น,30/09/2569 00:10,0.89
คลองสองต้นนุ่น,30/09/2569 00:15,0.89
คลองสองต้นนุ่น,30/09/2569 00:20,0.89
คลองสองต้นนุ่น,30/09/2569 00:25,0.89
คลองสองต้นนุ่น,30/09/2569 00:30,0.89
คลองสองต้นนุ่น,30/09/2569 00:35,0.89
คลองสองต้นนุ่น,30/09/2569 00:40,0.89
คลองสองต้นนุ่น,30/09/2569 00:45,0.89
คลองสองต้นนุ่น,30/09/2569 00:50,0.89
คลองสองต้นนุ่น,30/09/2569 00:55,0.89
คลองสองต้นนุ่น,30/09/2569 01:00,0.89
คลองสองต้นนุ่น,30/09/2569 01:05,0.89
คลองสองต้นนุ่น,30/09/2569 01:10,0.89
คลองสองต้นนุ่น,30/09/2569 01:15,0.89
คลองสองต้นนุ่น,30/09/2569 01:20,0.89
คลองสองต้นนุ่น,30/09/2569 01:25,0.89
คลองสองต้นนุ่น,30/09/2569 01:30,0.89
คลองสองต้นนุ่น,30/09/2569 01:35,0.89
คลองสองต้นนุ่น,30/09/2569 01:40,0.89
คลองสองต้นนุ่น,30/09/2569 01:45,0.89
คลองสองต้นนุ่น,30/09/2569 01:50,0.89
คลองสองต้นนุ่น,30/09/2569 01:55,0.89
คลองสองต้นนุ่น,30/09/2569 02:00,0.89
คลองสองต้นนุ่น,30/09/2569 02:05,0.89
คลองสองต้นนุ่น,30/09/2569 02:10,0.89
คลองสองต้นนุ่น,30/09/2569 02:15,0.89
คลองสองต้นนุ่น,30/09/2569 02:20,0.89
คลองสองต้นนุ่น,30/09/2569 02:25,0.89
คลองสองต้นนุ่น,30/09/2569 02:30,0.89
คลองสองต้นนุ่น,30/09/2569 02:35,0.89
คลองสองต้นนุ่น,30/09/2569 02:40,0.89
คลองสองต้นนุ่น,30/09/2569 02:45,0.89
คลองสองต้นนุ่น,30/09/2569 02:50,0.89
คลองสองต้นนุ่น,30/09/2569 02:55,0.89
คลองสองต้นนุ่น,30/09/2569 03:00,0.89
คลองสองต้นนุ่น,30/09/2569 03:05,0.89
คลองสองต้นนุ่น,30/09/2569 03:10,0.89
คลองสองต้นนุ่น,30/09/2569 03:15,0.89
คลองสองต้นนุ่น,30/09/2569 03:20,0.89
คลองสองต้นนุ่น,30/09/2569 03:25,0.89
คลองสองต้นนุ่น,30/09/2569 03:30,0.89
คลองสองต้นนุ่น,30/09/2569 03:35,0.89
คลองสองต้นนุ่น,30/09/2569 03:40,0.89
คลองสองต้นนุ่น,30/09/2569 03:45,0.89
คลองสองต้นนุ่น,30/09/2569 03:50,0.89
คลองสองต้นนุ่น,30/09/2569 03:55,0.88
คลองสองต้นนุ่น,30/09/2569 04:00,0.89
คลองสองต้นนุ่น,30/09/2569 04:05,0.88
คลองสองต้นนุ่น,30/09/2569 04:10,0.88
คลองสองต้นนุ่น,30/09/2569 04:15,0.88
คลองสองต้นนุ่น,30/09/2569 04:20,0.88
คลองสองต้นนุ่น,30/09/2569 04:25,0.88
คลองสองต้นนุ่น,30/09/2569 04:30,0.88
คลองสองต้นนุ่น,30/09/2569 04:35,0.88
คลองสองต้นนุ่น,30/09/2569 04:40,0.88
คลองสองต้นนุ่น,30/09/2569 04:45,0.88
คลองสองต้นนุ่น,30/09/2569 04:50,0.88
คลองสองต้นนุ่น,30/09/2569 04:55,0.88
คลองสองต้นนุ่น,30/09/2569 05:00,0.88
คลองสองต้นนุ่น,30/09/2569 05:05,0.88
คลองสองต้นนุ่น,30/09/2569 05:10,0.88
คลองสองต้นนุ่น,30/09/2569 05:15,0.88
คลองสองต้นนุ่น,30/09/2569 05:20,0.88
คลองสองต้นนุ่น,30/09/2569 05:25,0.88
คลองสองต้นนุ่น,30/09/2569 05:30,0.88
คลองสองต้นนุ่น,30/09/2569 05:35,0.88
คลองสองต้นนุ่น,30/09/2569 05:40,0.88
คลองสองต้นนุ่น,30/09/2569 05:45,0.88
คลองสองต้นนุ่น,30/09/2569 05:50,0.88
คลองสองต้นนุ่น,30/09/2569 05:55,0.88
คลองสองต้นนุ่น,30/09/2569 06:00,0.88
คลองสองต้นนุ่น,30/09/2569 06:05,0.88
คลองสองต้นนุ่น,30/09/2569 06:10,0.88
คลองสองต้นนุ่น,30/09/2569 06:15,0.88
คลองสองต้นนุ่น,30/09/2569 06:20,0.88
คลองสองต้นนุ่น,30/09/2569 06:25,0.88
คลองสองต้นนุ่น,30/09/2569 06:30,0.88
คลองสองต้นนุ่น,30/09/2569 06:35,0.88
คลองสองต้นนุ่น,30/09/2569 06:40,0.88
คลองสองต้นนุ่น,30/09/2569 06:45,0.88
คลองสองต้นนุ่น,30/09/2569 06:50,0.88
คลองสองต้นนุ่น,30/09/2569 06:55,0.88
คลองสองต้นนุ่น,30/09/2569 07:00,0.88
คลองสองต้นนุ่น,30/09/2569 07:05,0.88
คลองสองต้นนุ่น,30/09/2569 07:10,0.88
คลองสองต้นนุ่น,30/09/2569 07:15,0.88
คลองสองต้นนุ่น,30/09/2569 07:20,0.88
คลองสองต้นนุ่น,30/09/2569 07:25,0.88
คลองสองต้นนุ่น,30/09/2569 07:30,0.88
คลองสองต้นนุ่น,30/09/2569 07:35,0.88
คลองสองต้นนุ่น,30/09/2569 07:40,0.87
คลองสองต้นนุ่น,30/09/2569 07:45,0.87
คลองสองต้นนุ่น,30/09/2569 07:50,0.87
คลองสองต้นนุ่น,30/09/2569 07:55,0.87
คลองสองต้นนุ่น,30/09/2569 08:00,0.87
คลองสองต้นนุ่น,30/09/2569 08:05,0.87
คลองสองต้นนุ่น,30/09/2569 08:10,0.87
คลองสองต้นนุ่น,30/09/2569 08:15,0.87
คลองสองต้นนุ่น,30/09/2569 08:20,0.87
คลองสองต้นนุ่น,30/09/2569 08:25,0.87
คลองสองต้นนุ่น,30/09/2569 08:30,0.87
คลองสองต้นนุ่น,30/09/2569 08:35,0.87
คลองสองต้นนุ่น,30/09/2569 08:40,0.87
คลองสองต้นนุ่น,30/09/2569 08:45,0.87
คลองสองต้นนุ่น,30/09/2569 08:50,0.87
คลองสองต้นนุ่น,30/09/2569 08:55,0.87
คลองสองต้นนุ่น,30/09/2569 09:00,0.87
คลองสองต้นนุ่น,30/09/2569 09:05,0.87
คลองสองต้นนุ่น,30/09/2569 09:10,0.87
คลองสองต้นนุ่น,30/09/2569 09:15,0.87
คลองสองต้นนุ่น,30/09/2569 09:20,0.87
คลองสองต้นนุ่น,30/09/2569 09:25,0.87
คลองสองต้นนุ่น,30/09/2569 09:30,0.87
คลองสองต้นนุ่น,30/09/2569 09:35,0.87
คลองสองต้นนุ่น,30/09/2569 09:40,0.87
คลองสองต้นนุ่น,30/09/2569 09:50,0.87
คลองสองต้นนุ่น,30/09/2569 09:55,0.86
คลองสองต้นนุ่น,30/09/2569 10:00,0.87
คลองสองต้นนุ่น,30/09/2569 10:05,0.86
คลองสองต้นนุ่น,30/09/2569 10:10,0.86
คลองสองต้นนุ่น,30/09/2569 10:15,0.86
คลองสองต้นนุ่น,30/09/2569 10:20,0.86
คลองสองต้นนุ่น,30/09/2569 10:25,0.86
คลองสองต้นนุ่น,30/09/2569 10:30,0.87
คลองสองต้นนุ่น,30/09/2569 10:35,0.86
คลองสองต้นนุ่น,30/09/2569 10:40,0.86
คลองสองต้นนุ่น,30/09/2569 10:45,0.86
คลองสองต้นนุ่น,30/09/2569 10:50,0.86
คลองสองต้นนุ่น,30/09/2569 10:55,0.86
คลองสองต้นนุ่น,30/09/2569 11:00,0.86
คลองสองต้นนุ่น,30/09/2569 11:05,0.86
คลองสองต้นนุ่น,30/09/2569 11:15,0.86
คลองสองต้นนุ่น,30/09/2569 11:20,0.86
คลองสองต้นนุ่น,30/09/2569 11:25,0.86
คลองสองต้นนุ่น,30/09/2569 11:40,0.86
คลองสองต้นนุ่น,30/09/2569 11:45,0.86
คลองสองต้นนุ่น,30/09/2569 11:50,0.86
คลองสองต้นนุ่น,30/09/2569 11:55,0.86
คลองสองต้นนุ่น,30/09/2569 12:00,0.86
คลองสองต้นนุ่น,30/09/2569 12:05,0.86
คลองสองต้นนุ่น,30/09/2569 12:10,0.86
คลองสองต้นนุ่น,30/09/2569 12:15,0.86
คลองสองต้นนุ่น,30/09/2569 12:20,0.86
คลองสองต้นนุ่น,30/09/2569 12:30,0.86
คลองสองต้นนุ่น,30/09/2569 12:35,0.86
คลองสองต้นนุ่น,30/09/2569 12:40,0.86
คลองสองต้นนุ่น,30/09/2569 12:45,0.86
คลองสองต้นนุ่น,30/09/2569 12:50,0.86
คลองสองต้นนุ่น,30/09/2569 12:55,0.86
คลองสองต้นนุ่น,30/09/2569 13:05,0.86
คลองสองต้นนุ่น,30/09/2569 13:10,0.86
คลองสองต้นนุ่น,30/09/2569 13:15,0.86
คลองสองต้นนุ่น,30/09/2569 13:20,0.86
คลองสองต้นนุ่น,30/09/2569 13:25,0.86
คลองสองต้นนุ่น,30/09/2569 13:30,0.86
คลองสองต้นนุ่น,30/09/2569 13:35,0.86
คลองสองต้นนุ่น,30/09/2569 13:40,0.86
คลองสองต้นนุ่น,30/09/2569 13:45,0.86
คลองสองต้นนุ่น,30/09/2569 13:50,0.86
คลองสองต้นนุ่น,30/09/2569 13:55,0.86
คลองสองต้นนุ่น,30/09/2569 14:00,0.86
คลองสองต้นนุ่น,30/09/2569 14:05,0.86
คลองสองต้นนุ่น,30/09/2569 14:10,0.86
คลองสองต้นนุ่น,30/09/2569 14:15,0.86
คลองสองต้นนุ่น,30/09/2569 14:20,0.86
คลองสองต้นนุ่น,30/09/2569 14:25,0.86
คลองสองต้นนุ่น,30/09/2569 14:30,0.86
คลองสองต้นนุ่น,30/09/2569 14:35,0.86
คลองสองต้นนุ่น,30/09/2569 14:40,0.86
คลองสองต้นนุ่น,30/09/2569 14:45,0.86
คลองสองต้นนุ่น,30/09/2569 14:50,0.85
คลองสองต้นนุ่น,30/09/2569 14:55,0.86
คลองสองต้นนุ่น,30/09/2569 15:00,0.85
คลองสองต้นนุ่น,30/09/2569 15:05,0.85
คลองสองต้นนุ่น,30/09/2569 15:10,0.85
คลองสองต้นนุ่น,30/09/2569 15:15,0.85
คลองสองต้นนุ่น,30/09/2569 15:20,0.86
คลองสองต้นนุ่น,30/09/2569 15:25,0.85
คลองสองต้นนุ่น,30/09/2569 15:30,0.85
คลองสองต้นนุ่น,30/09/2569 15:35,0.85
คลองสองต้นนุ่น,30/09/2569 15:40,0.85
คลองสองต้นนุ่น,30/09/2569 15:45,0.85
คลองสองต้นนุ่น,30/09/2569 15:50,0.85
คลองสองต้นนุ่น,30/09/2569 15:55,0.85
คลองสองต้นนุ่น,30/09/2569 16:00,0.85
คลองสองต้นนุ่น,30/09/2569 16:05,0.85
คลองสองต้นนุ่น,30/09/2569 16:10,0.85
คลองสองต้นนุ่น,30/09/2569 16:15,0.85
คลองสองต้นนุ่น,30/09/2569 16:20,0.85
คลองสองต้นนุ่น,30/09/2569 16:25,0.85
คลองสองต้นนุ่น,30/09/2569 16:30,0.85
คลองสองต้นนุ่น,30/09/2569 16:35,0.85
คลองสองต้นนุ่น,30/09/2569 16:40,0.85
คลองสองต้นนุ่น,30/09/2569 16:45,0.85
คลองสองต้นนุ่น,30/09/2569 16:50,0.85
คลองสองต้นนุ่น,30/09/2569 16:55,0.85
คลองสองต้นนุ่น,30/09/2569 17:00,0.85
คลองสองต้นนุ่น,30/09/2569 17:05,0.85
คลองสองต้นนุ่น,30/09/2569 17:10,0.85
คลองสองต้นนุ่น,30/09/2569 17:15,0.85
คลองสองต้นนุ่น,30/09/2569 17:20,0.85
คลองสองต้นนุ่น,30/09/2569 17:25,0.85
คลองสองต้นนุ่น,30/09/2569 17:30,0.85
คลองสองต้นนุ่น,30/09/2569 17:35,0.85
คลองสองต้นนุ่น,30/09/2569 17:40,0.85
คลองสองต้นนุ่น,30/09/2569 17:45,0.85
คลองสองต้นนุ่น,30/09/2569 17:50,0.85
คลองสองต้นนุ่น,30/09/2569 17:55,0.85
คลองสองต้นนุ่น,30/09/2569 18:00,0.85
คลองสองต้นนุ่น,30/09/2569 18:05,0.85
คลองสองต้นนุ่น,30/09/2569 18:10,0.85
คลองสองต้นนุ่น,30/09/2569 18:15,0.85
คลองสองต้นนุ่น,30/09/2569 18:20,0.85
คลองสองต้นนุ่น,30/09/2569 18:25,0.85
คลองสองต้นนุ่น,30/09/2569 18:30,0.85
คลองสองต้นนุ่น,30/09/2569 18:35,0.85
คลองสองต้นนุ่น,30/09/2569 18:40,0.85
คลองสองต้นนุ่น,30/09/2569 18:45,0.85
คลองสองต้นนุ่น,30/09/2569 18:50,0.85
คลองสองต้นนุ่น,30/09/2569 18:55,0.85
คลองสองต้นนุ่น,30/09/2569 19:00,0.85
คลองสองต้นนุ่น,30/09/2569 19:05,0.85
คลองสองต้นนุ่น,30/09/2569 19:10,0.85
คลองสองต้นนุ่น,30/09/2569 19:15,0.85
คลองสองต้นนุ่น,30/09/2569 19:20,0.85
คลองสองต้นนุ่น,30/09/2569 19:25,0.85
คลองสองต้นนุ่น,30/09/2569 19:30,0.85
คลองสองต้นนุ่น,30/09/2569 19:35,0.85
คลองสองต้นนุ่น,30/09/2569 19:40,0.85
คลองสองต้นนุ่น,30/09/2569 19:45,0.85
คลองสองต้นนุ่น,30/09/2569 19:50,0.85
คลองสองต้นนุ่น,30/09/2569 19:55,0.85
คลองสองต้นนุ่น,30/09/2569 20:00,0.85
คลองสองต้นนุ่น,30/09/2569 20:05,0.85
คลองสองต้นนุ่น,30/09/2569 20:10,0.85
คลองสองต้นนุ่น,30/09/2569 20:15,0.85
คลองสองต้นนุ่น,30/09/2569 20:20,0.85
คลองสองต้นนุ่น,30/09/2569 20:25,0.85
คลองสองต้นนุ่น,30/09/2569 20:30,0.85
คลองสองต้นนุ่น,30/09/2569 20:35,0.85
คลองสองต้นนุ่น,30/09/2569 20:40,0.85
คลองสองต้นนุ่น,30/09/2569 20:45,0.85
คลองสองต้นนุ่น,30/09/2569 20:50,0.85
คลองสองต้นนุ่น,30/09/2569 20:55,0.85
คลองสองต้นนุ่น,30/09/2569 21:00,0.85
คลองสองต้นนุ่น,30/09/2569 21:05,0.85
คลองสองต้นนุ่น,30/09/2569 21:10,0.85
คลองสองต้นนุ่น,30/09/2569 21:15,0.85
คลองสองต้นนุ่น,30/09/2569 21:20,0.85
คลองสองต้นนุ่น,30/09/2569 21:25,0.85
คลองสองต้นนุ่น,30/09/2569 21:30,0.85
คลองสองต้นนุ่น,30/09/2569 21:35,0.85
คลองสองต้นนุ่น,30/09/2569 21:40,0.85
คลองสองต้นนุ่น,30/09/2569 21:45,0.85
คลองสองต้นนุ่น,30/09/2569 21:50,0.84
คลองสองต้นนุ่น,30/09/2569 21:55,0.85
คลองสองต้นนุ่น,30/09/2569 22:00,0.85
คลองสองต้นนุ่น,30/09/2569 22:05,0.85
คลองสองต้นนุ่น,30/09/2569 22:10,0.84
คลองสองต้นนุ่น,30/09/2569 22:15,0.85
คลองสองต้นนุ่น,30/09/2569 22:20,0.84
คลองสองต้นนุ่น,30/09/2569 22:25,0.85
คลองสองต้นนุ่น,30/09/2569 22:30,0.84
คลองสองต้นนุ่น,30/09/2569 22:35,0.84
คลองสองต้นนุ่น,30/09/2569 22:40,0.84
คลองสองต้นนุ่น,30/09/2569 22:45,0.84
คลองสองต้นนุ่น,30/09/2569 22:50,0.84
คลองสองต้นนุ่น,30/09/2569 22:55,0.84
คลองสองต้นนุ่น,30/09/2569 23:00,0.84
คลองสองต้นนุ่น,30/09/2569 23:05,0.84
คลองสองต้นนุ่น,30/09/2569 23:10,0.84
คลองสองต้นนุ่น,30/09/2569 23:15,0.84
คลองสองต้นนุ่น,30/09/2569 23:20,0.84
คลองสองต้นนุ่น,30/09/2569 23:25,0.84
คลองสองต้นนุ่น,30/09/2569 23:30,0.84
คลองสองต้นนุ่น,30/09/2569 23:35,0.84
คลองสองต้นนุ่น,30/09/2569 23:40,0.84
คลองสองต้นนุ่น,30/09/2569 23:45,0.84
คลองสองต้นนุ่น,30/09/2569 23:50,0.84
คลองสองต้นนุ่น,30/09/2569 23:55,0.84
คลองสองต้นนุ่น,01/10/2569 00:00,0.84
คลองสองต้นนุ่น,01/10/2569 00:05,0.84
คลองสองต้นนุ่น,01/10/2569 00:10,0.84
คลองสองต้นนุ่น,01/10/2569 00:15,0.84
คลองสองต้นนุ่น,01/10/2569 00:20,0.84
คลองสองต้นนุ่น,01/10/2569 00:25,0.84
คลองสองต้นนุ่น,01/10/2569 00:30,0.84
คลองสองต้นนุ่น,01/10/2569 00:35,0.84
คลองสองต้นนุ่น,01/10/2569 00:40,0.84
คลองสองต้นนุ่น,01/10/2569 00:45,0.84
คลองสองต้นนุ่น,01/10/2569 00:50,0.84
คลองสองต้นนุ่น,01/10/2569 00:55,0.84
คลองสองต้นนุ่น,01/10/2569 01:00,0.84
คลองสองต้นนุ่น,01/10/2569 01:05,0.84
คลองสองต้นนุ่น,01/10/2569 01:10,0.84
คลองสองต้นนุ่น,01/10/2569 01:15,0.84
คลองสองต้นนุ่น,01/10/2569 01:20,0.84
คลองสองต้นนุ่น,01/10/2569 01:25,0.84
คลองสองต้นนุ่น,01/10/2569 01:30,0.84
คลองสองต้นนุ่น,01/10/2569 01:35,0.84
คลองสองต้นนุ่น,01/10/2569 01:40,0.84
คลองสองต้นนุ่น,01/10/2569 01:45,0.84
คลองสองต้นนุ่น,01/10/2569 01:50,0.84
คลองสองต้นนุ่น,01/10/2569 01:55,0.84
คลองสองต้นนุ่น,01/10/2569 02:00,0.84
คลองสองต้นนุ่น,01/10/2569 02:05,0.84
คลองสองต้นนุ่น,01/10/2569 02:10,0.84
คลองสองต้นนุ่น,01/10/2569 02:15,0.84
คลองสองต้นนุ่น,01/10/2569 02:20,0.84
คลองสองต้นนุ่น,01/10/2569 02:25,0.84
คลองสองต้นนุ่น,01/10/2569 02:30,0.84
คลองสองต้นนุ่น,01/10/2569 02:35,0.84
คลองสองต้นนุ่น,01/10/2569 02:40,0.84
คลองสองต้นนุ่น,01/10/2569 02:45,0.84
คลองสองต้นนุ่น,01/10/2569 02:50,0.83
คลองสองต้นนุ่น,01/10/2569 02:55,0.83
คลองสองต้นนุ่น,01/10/2569 03:00,0.83
คลองสองต้นนุ่น,01/10/2569 03:05,0.83
คลองสองต้นนุ่น,01/10/2569 03:10,0.83
คลองสองต้นนุ่น,01/10/2569 03:15,0.83
คลองสองต้นนุ่น,01/10/2569 03:20,0.83
คลองสองต้นนุ่น,01/10/2569 03:25,0.83
คลองสองต้นนุ่น,01/10/2569 03:30,0.83
คลองสองต้นนุ่น,01/10/2569 03:35,0.83
คลองสองต้นนุ่น,01/10/2569 03:40,0.83
คลองสองต้นนุ่น,01/10/2569 03:45,0.83
คลองสองต้นนุ่น,01/10/2569 03:50,0.83
คลองสองต้นนุ่น,01/10/2569 03:55,0.83
คลองสองต้นนุ่น,01/10/2569 04:00,0.83
คลองสองต้นนุ่น,01/10/2569 04:05,0.83
คลองสองต้นนุ่น,01/10/2569 04:10,0.83
คลองสองต้นนุ่น,01/10/2569 04:15,0.83
คลองสองต้นนุ่น,01/10/2569 04:20,0.83
คลองสองต้นนุ่น,01/10/2569 04:25,0.83
คลองสองต้นนุ่น,01/10/2569 04:30,0.83
คลองสองต้นนุ่น,01/10/2569 04:35,0.83
คลองสองต้นนุ่น,01/10/2569 04:40,0.83
คลองสองต้นนุ่น,01/10/2569 04:45,0.83
คลองสองต้นนุ่น,01/10/2569 04:50,0.83
คลองสองต้นนุ่น,01/10/2569 04:55,0.83
คลองสองต้นนุ่น,01/10/2569 05:00,0.83
คลองสองต้นนุ่น,01/10/2569 05:05,0.83
คลองสองต้นนุ่น,01/10/2569 05:10,0.83
คลองสองต้นนุ่น,01/10/2569 05:15,0.83
คลองสองต้นนุ่น,01/10/2569 05:20,0.83
คลองสองต้นนุ่น,01/10/2569 05:25,0.83
คลองสองต้นนุ่น,01/10/2569 05:30,0.83
คลองสองต้นนุ่น,01/10/2569 05:35,0.83
คลองสองต้นนุ่น,01/10/2569 05:40,0.83
คลองสองต้นนุ่น,01/10/2569 05:45,0.83
คลองสองต้นนุ่น,01/10/2569 05:50,0.83
คลองสองต้นนุ่น,01/10/2569 05:55,0.83
คลองสองต้นนุ่น,01/10/2569 06:00,0.83
คลองสองต้นนุ่น,01/10/2569 06:05,0.83
คลองสองต้นนุ่น,01/10/2569 06:10,0.83
คลองสองต้นนุ่น,01/10/2569 06:15,0.83
คลองสองต้นนุ่น,01/10/2569 06:20,0.83
คลองสองต้นนุ่น,01/10/2569 06:25,0.83
คลองสองต้นนุ่น,01/10/2569 06:30,0.83
คลองสองต้นนุ่น,01/10/2569 06:35,0.83
คลองสองต้นนุ่น,01/10/2569 06:40,0.83
คลองสองต้นนุ่น,01/10/2569 06:45,0.83
คลองสองต้นนุ่น,01/10/2569 06:50,0.83
คลองสองต้นนุ่น,01/10/2569 06:55,0.82
คลองสองต้นนุ่น,01/10/2569 07:00,0.82
คลองสองต้นนุ่น,01/10/2569 07:05,0.82
คลองสองต้นนุ่น,01/10/2569 07:10,0.82
คลองสองต้นนุ่น,01/10/2569 07:15,0.82
คลองสองต้นนุ่น,01/10/2569 07:20,0.82
คลองสองต้นนุ่น,01/10/2569 07:25,0.82
คลองสองต้นนุ่น,01/10/2569 07:30,0.82
คลองสองต้นนุ่น,01/10/2569 07:35,0.82
คลองสองต้นนุ่น,01/10/2569 07:40,0.82
คลองสองต้นนุ่น,01/10/2569 07:45,0.82
คลองสองต้นนุ่น,01/10/2569 07:50,0.82
คลองสองต้นนุ่น,01/10/2569 07:55,0.82
คลองสองต้นนุ่น,01/10/2569 08:00,0.82
คลองสองต้นนุ่น,01/10/2569 08:05,0.82
คลองสองต้นนุ่น,01/10/2569 08:10,0.82
คลองสองต้นนุ่น,01/10/2569 08:15,0.82
คลองสองต้นนุ่น,01/10/2569 08:20,0.82
คลองสองต้นนุ่น,01/10/2569 08:25,0.82
คลองสองต้นนุ่น,01/10/2569 08:30,0.82
คลองสองต้นนุ่น,01/10/2569 08:35,0.82
คลองสองต้นนุ่น,01/10/2569 08:40,0.82
คลองสองต้นนุ่น,01/10/2569 08:45,0.82
คลองสองต้นนุ่น,01/10/2569 08:50,0.82
คลองสองต้นนุ่น,01/10/2569 08:55,0.82
คลองสองต้นนุ่น,01/10/2569 09:00,0.82
คลองสองต้นนุ่น,01/10/2569 09:05,0.82
คลองสองต้นนุ่น,01/10/2569 09:10,0.82
คลองสองต้นนุ่น,01/10/2569 09:15,0.82
คลองสองต้นนุ่น,01/10/2569 09:20,0.81
คลองสองต้นนุ่น,01/10/2569 09:25,0.81
คลองสองต้นนุ่น,01/10/2569 09:30,0.81
คลองสองต้นนุ่น,01/10/2569 09:35,0.81
คลองสองต้นนุ่น,01/10/2569 09:40,0.81
คลองสองต้นนุ่น,01/10/2569 09:45,0.81
คลองสองต้นนุ่น,01/10/2569 09:50,0.81
คลองสองต้นนุ่น,01/10/2569 09:55,0.81
คลองสองต้นนุ่น,01/10/2569 10:00,0.81
คลองสองต้นนุ่น,01/10/2569 10:05,0.81
คลองสองต้นนุ่น,30/09/2569 09:45,-
คลองสองต้นนุ่น,30/09/2569 11:10,-
คลองสองต้นนุ่น,30/09/2569 11:30,-
คลองสองต้นนุ่น,30/09/2569 11:35,-
คลองสองต้นนุ่น,30/09/2569 12:25,-
คลองสองต้นนุ่น,30/09/2569 13:00,-
คลองสองต้นนุ่น,01/10/2569 10:10,0.81
คลองสองต้นนุ่น,01/10/2569 10:15,0.81
คลองสองต้นนุ่น,01/10/2569 10:20,0.81
คลองสองต้นนุ่น,01/10/2569 10:25,0.81
คลองสองต้นนุ่น,01/10/2569 10:30,0.81
คลองสองต้นนุ่น,01/10/2569 10:35,0.81
คลองสองต้นนุ่น,01/10/2569 10:40,0.81
คลองสองต้นนุ่น,01/10/2569 10:45,0.81
คลองสองต้นนุ่น,01/10/2569 10:50,0.81
คลองสองต้นนุ่น,01/10/2569 10:55,0.81
คลองสองต้นนุ่น,01/10/2569 11:00,0.81
คลองสองต้นนุ่น,01/10/2569 11:05,0.81
คลองสองต้นนุ่น,01/10/2569 11:10,0.81
คลองสองต้นนุ่น,01/10/2569 11:15,0.81
คลองสองต้นนุ่น,01/10/2569 11:20,0.81
คลองสองต้นนุ่น,01/10/2569 11:25,0.81
คลองสองต้นนุ่น,01/10/2569 11:30,0.81
คลองสองต้นนุ่น,01/10/2569 11:35,0.81
คลองสองต้นนุ่น,01/10/2569 11:40,0.81
คลองสองต้นนุ่น,01/10/2569 11:45,0.81
คลองสองต้นนุ่น,01/10/2569 11:50,0.81
คลองสองต้นนุ่น,01/10/2569 11:55,0.81
คลองสองต้นนุ่น,01/10/2569 12:00,0.81
คลองสองต้นนุ่น,01/10/2569 12:05,0.81
คลองสองต้นนุ่น,01/10/2569 12:10,0.81
คลองสองต้นนุ่น,01/10/2569 12:15,0.81
คลองสองต้นนุ่น,01/10/2569 12:20,0.81
คลองสองต้นนุ่น,01/10/2569 12:25,0.81
คลองสองต้นนุ่น,01/10/2569 12:30,0.81
คลองสองต้นนุ่น,01/10/2569 12:35,0.81
คลองสองต้นนุ่น,01/10/2569 12:40,0.81
คลองสองต้นนุ่น,01/10/2569 12:45,0.81
คลองสองต้นนุ่น,01/10/2569 12:50,0.81
คลองสองต้นนุ่น,01/10/2569 12:55,0.81
คลองสองต้นนุ่น,01/10/2569 13:00,0.81
คลองสองต้นนุ่น,01/10/2569 13:05,0.81
คลองสองต้นนุ่น,01/10/2569 13:10,0.80
คลองสองต้นนุ่น,01/10/2569 13:15,0.80
คลองสองต้นนุ่น,01/10/2569 13:20,0.80
คลองสองต้นนุ่น,01/10/2569 13:25,0.80
คลองสองต้นนุ่น,01/10/2569 13:30,-
คลองสองต้นนุ่น,01/10/2569 13:35,-
คลองสองต้นนุ่น,01/10/2569 13:40,-
คลองสองต้นนุ่น,01/10/2569 13:45,0.80
คลองสองต้นนุ่น,01/10/2569 13:50,0.80
คลองสองต้นนุ่น,01/10/2569 13:55,0.80
คลองสองต้นนุ่น,01/10/2569 14:00,0.80
คลองสองต้นนุ่น,01/10/2569 14:05,0.80
คลองสองต้นนุ่น,01/10/2569 14:10,-
คลองสองต้นนุ่น,01/10/2569 14:15,-
คลองสองต้นนุ่น,01/10/2569 14:20,0.80
คลองสองต้นนุ่น,01/10/2569 14:25,-
คลองสองต้นนุ่น,01/10/2569 14:30,-
คลองสองต้นนุ่น,01/10/2569 14:35,0.80
คลองสองต้นนุ่น,01/10/2569 14:40,0.80
คลองสองต้นนุ่น,01/10/2569 14:45,-
คลองสองต้นนุ่น,01/10/2569 14:50,0.80
คลองสองต้นนุ่น,01/10/2569 14:55,0.80
คลองสองต้นนุ่น,01/10/2569 15:00,-
คลองสองต้นนุ่น,01/10/2569 15:05,0.80
คลองสองต้นนุ่น,01/10/2569 15:10,0.80
คลองสองต้นนุ่น,01/10/2569 15:15,-
คลองสองต้นนุ่น,01/10/2569 15:20,0.80
คลองสองต้นนุ่น,01/10/2569 15:25,0.80
คลองสองต้นนุ่น,01/10/2569 15:30,0.80
คลองสองต้นนุ่น,01/10/2569 15:35,0.80
คลองสองต้นนุ่น,01/10/2569 15:40,0.80
คลองสองต้นนุ่น,01/10/2569 15:45,0.80
คลองสองต้นนุ่น,01/10/2569 15:50,0.80
คลองสองต้นนุ่น,01/10/2569 15:55,0.80
คลองสองต้นนุ่น,01/10/2569 16:00,0.80
คลองสองต้นนุ่น,01/10/2569 16:05,0.80
คลองสองต้นนุ่น,01/10/2569 16:10,0.80
คลองสองต้นนุ่น,01/10/2569 16:15,-
คลองสองต้นนุ่น,01/10/2569 16:20,0.80
คลองสองต้นนุ่น,01/10/2569 16:25,0.80
คลองสองต้นนุ่น,01/10/2569 16:30,0.80
คลองสองต้นนุ่น,01/10/2569 16:35,0.80
คลองสองต้นนุ่น,01/10/2569 16:40,-
คลองสองต้นนุ่น,01/10/2569 16:45,0.80
คลองสองต้นนุ่น,01/10/2569 16:50,-
คลองสองต้นนุ่น,01/10/2569 16:55,0.80
คลองสองต้นนุ่น (มอเตอร์เวย์),29/09/2569 17:00,0.93
คลองสองต้นนุ่น (มอเตอร์เวย์),29/09/2569 17:05,0.93
คลองสองต้นนุ่น (มอเตอร์เวย์),29/09/2569 17:10,0.93
คลองสองต้นนุ่น (มอเตอร์เวย์),29/09/2569 17:15,0.93
คลองสองต้นนุ่น (มอเตอร์เวย์),29/09/2569 17:20,0.93
คลองสองต้นนุ่น (มอเตอร์เวย์),29/09/2569 17:25,0.93
คลองสองต้นนุ่น (มอเตอร์เวย์),29/09/2569 17:30,0.93
คลองสองต้นนุ่น (มอเตอร์เวย์),29/09/2569 17:35,0.93
คลองสองต้นนุ่น (มอเตอร์เวย์),29/09/2569 17:40,0.93
คลองสองต้นนุ่น (มอเตอร์เวย์),29/09/2569 17:45,0.93
คลองสองต้นนุ่น (มอเตอร์เวย์),29/09/2569 17:50,0.93
คลองสองต้นนุ่น (มอเตอร์เวย์),29/09/2569 17:55,0.93
คลองสองต้นนุ่น (มอเตอร์เวย์),29/09/2569 18:00,0.93
คลองสองต้นนุ่น (มอเตอร์เวย์),29/09/2569 18:05,0.93
คลองสองต้นนุ่น (มอเตอร์เวย์),29/09/2569 18:10,0.93
คลองสองต้นนุ่น (มอเตอร์เวย์),29/09/2569 18:15,0.93
คลองสองต้นนุ่น (มอเตอร์เวย์),29/09/2569 18:20,0.93
คลองสองต้นนุ่น (มอเตอร์เวย์),29/09/2569 18:25,0.93
คลองสองต้นนุ่น (มอเตอร์เวย์),29/09/2569 18:30,0.93
คลองสองต้นนุ่น (มอเตอร์เวย์),29/09/2569 18:35,0.93
คลองสองต้นนุ่น (มอเตอร์เวย์),29/09/2569 18:40,0.93
คลองสองต้นนุ่น (มอเตอร์เวย์),29/09/2569 18:45,0.93
คลองสองต้นนุ่น (มอเตอร์เวย์),29/09/2569 18:50,0.93
คลองสองต้นนุ่น (มอเตอร์เวย์),29/09/2569 18:55,0.93
คลองสองต้นนุ่น (มอเตอร์เวย์),29/09/2569 19:00,0.93
คลองสองต้นนุ่น (มอเตอร์เวย์),29/09/2569 19:05,0.93
คลองสองต้นนุ่น (มอเตอร์เวย์),29/09/2569 19:10,0.93
คลองสองต้นนุ่น (มอเตอร์เวย์),29/09/2569 19:15,0.93
คลองสองต้นนุ่น (มอเตอร์เวย์),29/09/2569 19:20,0.93
คลองสองต้นนุ่น (มอเตอร์เวย์),29/09/2569 19:25,0.93
คลองสองต้นนุ่น (มอเตอร์เวย์),29/09/2569 19:30,0.93
คลองสองต้นนุ่น (มอเตอร์เวย์),29/09/2569 19:35,0.93
คลองสองต้นนุ่น (มอเตอร์เวย์),29/09/2569 19:40,0.93
คลองสองต้นนุ่น (มอเตอร์เวย์),29/09/2569 19:45,0.93
คลองสองต้นนุ่น (มอเตอร์เวย์),29/09/2569 19:50,0.93
คลองสองต้นนุ่น (มอเตอร์เวย์),29/09/2569 19:55,0.93
คลองสองต้นนุ่น (มอเตอร์เวย์),29/09/2569 20:00,0.93
คลองสองต้นนุ่น (มอเตอร์เวย์),29/09/2569 20:05,0.93
คลองสองต้นนุ่น (มอเตอร์เวย์),29/09/2569 20:10,0.93
คลองสองต้นนุ่น (มอเตอร์เวย์),29/09/2569 20:15,0.93
คลองสองต้นนุ่น (มอเตอร์เวย์),29/09/2569 20:20,0.93
คลองสองต้นนุ่น (มอเตอร์เวย์),29/09/2569 20:25,0.93
คลองสองต้นนุ่น (มอเตอร์เวย์),29/09/2569 20:30,0.93
คลองสองต้นนุ่น (มอเตอร์เวย์),29/09/2569 20:35,0.93
คลองสองต้นนุ่น (มอเตอร์เวย์),29/09/2569 20:40,0.93
คลองสองต้นนุ่น (มอเตอร์เวย์),29/09/2569 20:45,0.93
คลองสองต้นนุ่น (มอเตอร์เวย์),29/09/2569 20:50,0.93
คลองสองต้นนุ่น (มอเตอร์เวย์),29/09/2569 20:55,0.93
คลองสองต้นนุ่น (มอเตอร์เวย์),29/09/2569 21:00,0.93
คลองสองต้นนุ่น (มอเตอร์เวย์),29/09/2569 21:05,0.93
คลองสองต้นนุ่น (มอเตอร์เวย์),29/09/2569 21:10,0.93
คลองสองต้นนุ่น (มอเตอร์เวย์),29/09/2569 21:15,0.92
คลองสองต้นนุ่น (มอเตอร์เวย์),29/09/2569 21:20,0.92
คลองสองต้นนุ่น (มอเตอร์เวย์),29/09/2569 21:25,0.92
คลองสองต้นนุ่น (มอเตอร์เวย์),29/09/2569 21:30,0.92
คลองสองต้นนุ่น (มอเตอร์เวย์),29/09/2569 21:35,0.92
คลองสองต้นนุ่น (มอเตอร์เวย์),29/09/2569 21:40,0.93
คลองสองต้นนุ่น (มอเตอร์เวย์),29/09/2569 21:45,0.93
คลองสองต้นนุ่น (มอเตอร์เวย์),29/09/2569 21:50,0.92
คลองสองต้นนุ่น (มอเตอร์เวย์),29/09/2569 21:55,0.92
คลองสองต้นนุ่น (มอเตอร์เวย์),29/09/2569 22:00,0.92
คลองสองต้นนุ่น (มอเตอร์เวย์),29/09/2569 22:05,0.92
คลองสองต้นนุ่น (มอเตอร์เวย์),29/09/2569 22:10,0.92
คลองสองต้นนุ่น (มอเตอร์เวย์),29/09/2569 22:15,0.92
คลองสองต้นนุ่น (มอเตอร์เวย์),29/09/2569 22:20,0.92
คลองสองต้นนุ่น (มอเตอร์เวย์),29/09/2569 22:25,0.92
คลองสองต้นนุ่น (มอเตอร์เวย์),29/09/2569 22:30,0.92
คลองสองต้นนุ่น (มอเตอร์เวย์),29/09/2569 22:35,0.92
คลองสองต้นนุ่น (มอเตอร์เวย์),29/09/2569 22:40,0.92
คลองสองต้นนุ่น (มอเตอร์เวย์),29/09/2569 22:45,0.92
คลองสองต้นนุ่น (มอเตอร์เวย์),29/09/2569 22:50,0.92
คลองสองต้นนุ่น (มอเตอร์เวย์),29/09/2569 22:55,0.92
คลองสองต้นนุ่น (มอเตอร์เวย์),29/09/2569 23:00,0.92
คลองสองต้นนุ่น (มอเตอร์เวย์),29/09/2569 23:05,0.92
คลองสองต้นนุ่น (มอเตอร์เวย์),29/09/2569 23:10,0.92
คลองสองต้นนุ่น (มอเตอร์เวย์),29/09/2569 23:15,0.92
คลองสองต้นนุ่น (มอเตอร์เวย์),29/09/2569 23:20,0.92
คลองสองต้นนุ่น (มอเตอร์เวย์),29/09/2569 23:25,0.92
คลองสองต้นนุ่น (มอเตอร์เวย์),29/09/2569 23:30,0.92
คลองสองต้นนุ่น (มอเตอร์เวย์),29/09/2569 23:35,0.92
คลองสองต้นนุ่น (มอเตอร์เวย์),29/09/2569 23:40,0.92
คลองสองต้นนุ่น (มอเตอร์เวย์),29/09/2569 23:45,0.92
คลองสองต้นนุ่น (มอเตอร์เวย์),29/09/2569 23:50,0.92
คลองสองต้นนุ่น (มอเตอร์เวย์),29/09/2569 23:55,0.92
คลองสองต้นนุ่น (มอเตอร์เวย์),30/09/2569 00:00,0.92
คลองสองต้นนุ่น (มอเตอร์เวย์),30/09/2569 00:05,0.92
คลองสองต้นนุ่น (มอเตอร์เวย์),30/09/2569 00:10,0.92
คลองสองต้นนุ่น (มอเตอร์เวย์),30/09/2569 00:15,0.92
คลองสองต้นนุ่น (มอเตอร์เวย์),30/09/2569 00:20,0.92
คลองสองต้นนุ่น (มอเตอร์เวย์),30/09/2569 00:25,0.92
คลองสองต้นนุ่น (มอเตอร์เวย์),30/09/2569 00:30,0.92
คลองสองต้นนุ่น (มอเตอร์เวย์),30/09/2569 00:35,0.92
คลองสองต้นนุ่น (มอเตอร์เวย์),30/09/2569 00:40,0.92
คลองสองต้นนุ่น (มอเตอร์เวย์),30/09/2569 00:45,0.92
คลองสองต้นนุ่น (มอเตอร์เวย์),30/09/2569 00:50,0.92
คลองสองต้นนุ่น (มอเตอร์เวย์),30/09/2569 00:55,0.92
คลองสองต้นนุ่น (มอเตอร์เวย์),30/09/2569 01:00,0.92
คลองสองต้นนุ่น (มอเตอร์เวย์),30/09/2569 01:05,0.92
คลองสองต้นนุ่น (มอเตอร์เวย์),30/09/2569 01:10,0.92
คลองสองต้นนุ่น (มอเตอร์เวย์),30/09/2569 01:15,0.92
คลองสองต้นนุ่น (มอเตอร์เวย์),30/09/2569 01:20,0.92
คลองสองต้นนุ่น (มอเตอร์เวย์),30/09/2569 01:25,0.92
คลองสองต้นนุ่น (มอเตอร์เวย์),30/09/2569 01:30,0.92
คลองสองต้นนุ่น (มอเตอร์เวย์),30/09/2569 01:35,0.92
คลองสองต้นนุ่น (มอเตอร์เวย์),30/09/2569 01:40,0.92
คลองสองต้นนุ่น (มอเตอร์เวย์),30/09/2569 01:45,0.92
คลองสองต้นนุ่น (มอเตอร์เวย์),30/09/2569 01:50,0.92
คลองสองต้นนุ่น (มอเตอร์เวย์),30/09/2569 01:55,0.92
คลองสองต้นนุ่น (มอเตอร์เวย์),30/09/2569 02:00,0.92
คลองสองต้นนุ่น (มอเตอร์เวย์),30/09/2569 02:05,0.92
คลองสองต้นนุ่น (มอเตอร์เวย์),30/09/2569 02:10,0.92
คลองสองต้นนุ่น (มอเตอร์เวย์),30/09/2569 02:15,0.92
คลองสองต้นนุ่น (มอเตอร์เวย์),30/09/2569 02:20,0.92
คลองสองต้นนุ่น (มอเตอร์เวย์),30/09/2569 02:25,0.92
คลองสองต้นนุ่น (มอเตอร์เวย์),30/09/2569 02:30,0.92
คลองสองต้นนุ่น (มอเตอร์เวย์),30/09/2569 02:35,0.92
คลองสองต้นนุ่น (มอเตอร์เวย์),30/09/2569 02:40,0.91
คลองสองต้นนุ่น (มอเตอร์เวย์),30/09/2569 02:45,0.91
คลองสองต้นนุ่น (มอเตอร์เวย์),30/09/2569 02:50,0.92
คลองสองต้นนุ่น (มอเตอร์เวย์),30/09/2569 02:55,0.91
คลองสองต้นนุ่น (มอเตอร์เวย์),30/09/2569 03:00,0.91
คลองสองต้นนุ่น (มอเตอร์เวย์),30/09/2569 03:05,0.91
คลองสองต้นนุ่น (มอเตอร์เวย์),30/09/2569 03:10,0.91
คลองสองต้นนุ่น (มอเตอร์เวย์),30/09/2569 03:15,0.91
คลองสองต้นนุ่น (มอเตอร์เวย์),30/09/2569 03:20,0.91
คลองสองต้นนุ่น (มอเตอร์เวย์),30/09/2569 03:25,0.91
คลองสองต้นนุ่น (มอเตอร์เวย์),30/09/2569 03:30,0.91
คลองสองต้นนุ่น (มอเตอร์เวย์),30/09/2569 03:35,0.91
คลองสองต้นนุ่น (มอเตอร์เวย์),30/09/2569 03:40,0.91
คลองสองต้นนุ่น (มอเตอร์เวย์),30/09/2569 03:45,0.91
คลองสองต้นนุ่น (มอเตอร์เวย์),30/09/2569 03:50,0.91
คลองสองต้นนุ่น (มอเตอร์เวย์),30/09/2569 03:55,0.91
คลองสองต้นนุ่น (มอเตอร์เวย์),30/09/2569 04:00,0.91
คลองสองต้นนุ่น (มอเตอร์เวย์),30/09/2569 04:05,0.91
คลองสองต้นนุ่น (มอเตอร์เวย์),30/09/2569 04:10,0.91
คลองสองต้นนุ่น (มอเตอร์เวย์),30/09/2569 04:15,0.91
คลองสองต้นนุ่น (มอเตอร์เวย์),30/09/2569 04:20,0.91
คลองสองต้นนุ่น (มอเตอร์เวย์),30/09/2569 04:25,0.91
คลองสองต้นนุ่น (มอเตอร์เวย์),30/09/2569 04:30,0.91
คลองสองต้นนุ่น (มอเตอร์เวย์),30/09/2569 04:35,0.91
คลองสองต้นนุ่น (มอเตอร์เวย์),30/09/2569 04:40,0.91
คลองสองต้นนุ่น (มอเตอร์เวย์),30/09/2569 04:45,0.91
คลองสองต้นนุ่น (มอเตอร์เวย์),30/09/2569 04:50,0.91
คลองสองต้นนุ่น (มอเตอร์เวย์),30/09/2569 04:55,0.91
คลองสองต้นนุ่น (มอเตอร์เวย์),30/09/2569 05:00,0.91
คลองสองต้นนุ่น (มอเตอร์เวย์),30/09/2569 05:05,0.91
คลองสองต้นนุ่น (มอเตอร์เวย์),30/09/2569 05:10,0.91
คลองสองต้นนุ่น (มอเตอร์เวย์),30/09/2569 05:15,0.91
คลองสองต้นนุ่น (มอเตอร์เวย์),30/09/2569 05:20,0.91
คลองสองต้นนุ่น (มอเตอร์เวย์),30/09/2569 05:25,0.91
คลองสองต้นนุ่น (มอเตอร์เวย์),30/09/2569 05:30,0.91
คลองสองต้นนุ่น (มอเตอร์เวย์),30/09/2569 05:35,0.91
คลองสองต้นนุ่น (มอเตอร์เวย์),30/09/2569 05:40,0.91
คลองสองต้นนุ่น (มอเตอร์เวย์),30/09/2569 05:45,0.91
คลองสองต้นนุ่น (มอเตอร์เวย์),30/09/2569 05:50,0.91
คลองสองต้นนุ่น (มอเตอร์เวย์),30/09/2569 05:55,0.91
คลองสองต้นนุ่น (มอเตอร์เวย์),30/09/2569 06:00,0.91
คลองสองต้นนุ่น (มอเตอร์เวย์),30/09/2569 06:05,0.91
คลองสองต้นนุ่น (มอเตอร์เวย์),30/09/2569 06:10,0.91
คลองสองต้นนุ่น (มอเตอร์เวย์),30/09/2569 06:15,0.91
คลองสองต้นนุ่น (มอเตอร์เวย์),30/09/2569 06:20,0.91
คลองสองต้นนุ่น (มอเตอร์เวย์),30/09/2569 06:25,0.91
คลองสองต้นนุ่น (มอเตอร์เวย์),30/09/2569 06:30,0.91
คลองสองต้นนุ่น (มอเตอร์เวย์),30/09/2569 06:35,0.91
คลองสองต้นนุ่น (มอเตอร์เวย์),30/09/2569 06:40,0.91
คลองสองต้นนุ่น (มอเตอร์เวย์),30/09/2569 06:45,0.91
คลองสองต้นนุ่น (มอเตอร์เวย์),30/09/2569 06:50,0.91
คลองสองต้นนุ่น (มอเตอร์เวย์),30/09/2569 06:55,0.91
คลองสองต้นนุ่น (มอเตอร์เวย์),30/09/2569 07:00,0.91
คลองสองต้นนุ่น (มอเตอร์เวย์),30/09/2569 07:05,0.91
คลองสองต้นนุ่น (มอเตอร์เวย์),30/09/2569 07:10,0.90
คลองสองต้นนุ่น (มอเตอร์เวย์),30/09/2569 07:15,0.90
คลองสองต้นนุ่น (มอเตอร์เวย์),30/09/2569 07:20,0.90
คลองสองต้นนุ่น (มอเตอร์เวย์),30/09/2569 07:25,0.90
คลองสองต้นนุ่น (มอเตอร์เวย์),30/09/2569 07:30,0.90
คลองสองต้นนุ่น (มอเตอร์เวย์),30/09/2569 07:35,0.90
คลองสองต้นนุ่น (มอเตอร์เวย์),30/09/2569 07:40,0.90
คลองสองต้นนุ่น (มอเตอร์เวย์),30/09/2569 07:45,0.90
คลองสองต้นนุ่น (มอเตอร์เวย์),30/09/2569 07:50,0.90
คลองสองต้นนุ่น (มอเตอร์เวย์),30/09/2569 07:55,0.90
คลองสองต้นนุ่น (มอเตอร์เวย์),30/09/2569 08:00,0.90
คลองสองต้นนุ่น (มอเตอร์เวย์),30/09/2569 08:05,0.90
คลองสองต้นนุ่น (มอเตอร์เวย์),30/09/2569 08:10,0.90
คลองสองต้นนุ่น (มอเตอร์เวย์),30/09/2569 08:15,0.90
คลองสองต้นนุ่น (มอเตอร์เวย์),30/09/2569 08:20,0.90
คลองสองต้นนุ่น (มอเตอร์เวย์),30/09/2569 08:25,0.90
คลองสองต้นนุ่น (มอเตอร์เวย์),30/09/2569 08:30,0.90
คลองสองต้นนุ่น (มอเตอร์เวย์),30/09/2569 08:35,0.90
คลองสองต้นนุ่น (มอเตอร์เวย์),30/09/2569 08:40,0.90
คลองสองต้นนุ่น (มอเตอร์เวย์),30/09/2569 08:45,0.90
คลองสองต้นนุ่น (มอเตอร์เวย์),30/09/2569 08:50,0.90
คลองสองต้นนุ่น (มอเตอร์เวย์),30/09/2569 08:55,0.90
คลองสองต้นนุ่น (มอเตอร์เวย์),30/09/2569 09:00,0.90
คลองสองต้นนุ่น (มอเตอร์เวย์),30/09/2569 09:05,0.90
คลองสองต้นนุ่น (มอเตอร์เวย์),30/09/2569 09:10,0.90
คลองสองต้นนุ่น (มอเตอร์เวย์),30/09/2569 09:15,0.90
คลองสองต้นนุ่น (มอเตอร์เวย์),30/09/2569 09:20,0.90
คลองสองต้นนุ่น (มอเตอร์เวย์),30/09/2569 09:25,0.90
คลองสองต้นนุ่น (มอเตอร์เวย์),30/09/2569 09:30,0.90
คลองสองต้นนุ่น (มอเตอร์เวย์),30/09/2569 09:35,0.90
คลองสองต้นนุ่น (มอเตอร์เวย์),30/09/2569 09:40,0.90
คลองสองต้นนุ่น (มอเตอร์เวย์),30/09/2569 09:45,0.90
คลองสองต้นนุ่น (มอเตอร์เวย์),30/09/2569 09:50,0.90
คลองสองต้นนุ่น (มอเตอร์เวย์),30/09/2569 09:55,0.90
คลองสองต้นนุ่น (มอเตอร์เวย์),30/09/2569 10:00,0.90
คลองสองต้นนุ่น (มอเตอร์เวย์),30/09/2569 10:05,0.90
คลองสองต้นนุ่น (มอเตอร์เวย์),30/09/2569 10:10,0.90
คลองสองต้นนุ่น (มอเตอร์เวย์),30/09/2569 10:15,0.90
คลองสองต้นนุ่น (มอเตอร์เวย์),30/09/2569 10:20,0.90
คลองสองต้นนุ่น (มอเตอร์เวย์),30/09/2569 10:25,0.90
คลองสองต้นนุ่น (มอเตอร์เวย์),30/09/2569 10:30,0.90
คลองสองต้นนุ่น (มอเตอร์เวย์),30/09/2569 10:35,0.90
คลองสองต้นนุ่น (มอเตอร์เวย์),30/09/2569 10:40,0.90
คลองสองต้นนุ่น (มอเตอร์เวย์),30/09/2569 10:45,0.90
คลองสองต้นนุ่น (มอเตอร์เวย์),30/09/2569 10:50,0.90
คลองสองต้นนุ่น (มอเตอร์เวย์),30/09/2569 10:55,0.90
คลองสองต้นนุ่น (มอเตอร์เวย์),30/09/2569 11:00,0.89
คลองสองต้นนุ่น (มอเตอร์เวย์),30/09/2569 11:05,0.89
คลองสองต้นนุ่น (มอเตอร์เวย์),30/09/2569 11:10,0.89
คลองสองต้นนุ่น (มอเตอร์เวย์),30/09/2569 11:15,0.89
คลองสองต้นนุ่น (มอเตอร์เวย์),30/09/2569 11:20,0.89
คลองสองต้นนุ่น (มอเตอร์เวย์),30/09/2569 11:25,0.89
คลองสองต้นนุ่น (มอเตอร์เวย์),30/09/2569 11:30,0.89
คลองสองต้นนุ่น (มอเตอร์เวย์),30/09/2569 11:35,0.89
คลองสองต้นนุ่น (มอเตอร์เวย์),30/09/2569 11:40,0.89
คลองสองต้นนุ่น (มอเตอร์เวย์),30/09/2569 11:45,0.89
คลองสองต้นนุ่น (มอเตอร์เวย์),30/09/2569 11:50,0.89
คลองสองต้นนุ่น (มอเตอร์เวย์),30/09/2569 11:55,0.89
คลองสองต้นนุ่น (มอเตอร์เวย์),30/09/2569 12:00,0.89
คลองสองต้นนุ่น (มอเตอร์เวย์),30/09/2569 12:05,0.89
คลองสองต้นนุ่น (มอเตอร์เวย์),30/09/2569 12:10,0.89
คลองสองต้นนุ่น (มอเตอร์เวย์),30/09/2569 12:15,0.89
คลองสองต้นนุ่น (มอเตอร์เวย์),30/09/2569 12:20,0.89
คลองสองต้นนุ่น (มอเตอร์เวย์),30/09/2569 12:25,0.89
คลองสองต้นนุ่น (มอเตอร์เวย์),30/09/2569 12:30,0.89
คลองสองต้นนุ่น (มอเตอร์เวย์),30/09/2569 12:35,0.88
คลองสองต้นนุ่น (มอเตอร์เวย์),30/09/2569 12:40,0.88
คลองสองต้นนุ่น (มอเตอร์เวย์),30/09/2569 12:45,0.88
คลองสองต้นนุ่น (มอเตอร์เวย์),30/09/2569 12:50,0.90
คลองสองต้นนุ่น (มอเตอร์เวย์),30/09/2569 12:55,0.90
คลองสองต้นนุ่น (มอเตอร์เวย์),30/09/2569 13:00,0.90
คลองสองต้นนุ่น (มอเตอร์เวย์),30/09/2569 13:05,0.91
คลองสองต้นนุ่น (มอเตอร์เวย์),30/09/2569 13:10,0.91
คลองสองต้นนุ่น (มอเตอร์เวย์),30/09/2569 13:15,0.91
คลองสองต้นนุ่น (มอเตอร์เวย์),30/09/2569 13:20,0.91
คลองสองต้นนุ่น (มอเตอร์เวย์),30/09/2569 13:25,0.91
คลองสองต้นนุ่น (มอเตอร์เวย์),30/09/2569 13:30,0.91
คลองสองต้นนุ่น (มอเตอร์เวย์),30/09/2569 13:35,0.91
คลองสองต้นนุ่น (มอเตอร์เวย์),30/09/2569 13:40,0.91
คลองสองต้นนุ่น (มอเตอร์เวย์),30/09/2569 13:45,0.91
คลองสองต้นนุ่น (มอเตอร์เวย์),30/09/2569 13:50,0.91
คลองสองต้นนุ่น (มอเตอร์เวย์),30/09/2569 13:55,0.91
คลองสองต้นนุ่น (มอเตอร์เวย์),30/09/2569 14:00,0.91
คลองสองต้นนุ่น (มอเตอร์เวย์),30/09/2569 14:05,0.91
คลองสองต้นนุ่น (มอเตอร์เวย์),30/09/2569 14:10,0.91
คลองสองต้นนุ่น (มอเตอร์เวย์),30/09/2569 14:15,0.91
คลองสองต้นนุ่น (มอเตอร์เวย์),30/09/2569 14:20,0.90
คลองสองต้นนุ่น (มอเตอร์เวย์),30/09/2569 14:25,0.90
คลองสองต้นนุ่น (มอเตอร์เวย์),30/09/2569 14:30,0.91
คลองสองต้นนุ่น (มอเตอร์เวย์),30/09/2569 14:35,0.91
คลองสองต้นนุ่น (มอเตอร์เวย์),30/09/2569 14:40,0.90
คลองสองต้นนุ่น (มอเตอร์เวย์),30/09/2569 14:45,0.90
คลองสองต้นนุ่น (มอเตอร์เวย์),30/09/2569 14:50,0.90
คลองสองต้นนุ่น (มอเตอร์เวย์),30/09/2569 14:55,0.90
คลองสองต้นนุ่น (มอเตอร์เวย์),30/09/2569 15:00,0.90
คลองสองต้นนุ่น (มอเตอร์เวย์),30/09/2569 15:05,0.90
คลองสองต้นนุ่น (มอเตอร์เวย์),30/09/2569 15:10,0.90
คลองสองต้นนุ่น (มอเตอร์เวย์),30/09/2569 15:15,0.90
คลองสองต้นนุ่น (มอเตอร์เวย์),30/09/2569 15:20,0.90
คลองสองต้นนุ่น (มอเตอร์เวย์),30/09/2569 15:25,0.90
คลองสองต้นนุ่น (มอเตอร์เวย์),30/09/2569 15:30,0.90
คลองสองต้นนุ่น (มอเตอร์เวย์),30/09/2569 15:35,0.90
คลองสองต้นนุ่น (มอเตอร์เวย์),30/09/2569 15:40,0.90
คลองสองต้นนุ่น (มอเตอร์เวย์),30/09/2569 15:45,0.90
คลองสองต้นนุ่น (มอเตอร์เวย์),30/09/2569 15:50,0.90
คลองสองต้นนุ่น (มอเตอร์เวย์),30/09/2569 15:55,0.90
คลองสองต้นนุ่น (มอเตอร์เวย์),30/09/2569 16:00,0.90
คลองสองต้นนุ่น (มอเตอร์เวย์),30/09/2569 16:05,0.90
คลองสองต้นนุ่น (มอเตอร์เวย์),30/09/2569 16:10,0.90
คลองสองต้นนุ่น (มอเตอร์เวย์),30/09/2569 16:15,0.90
คลองสองต้นนุ่น (มอเตอร์เวย์),30/09/2569 16:20,0.90
คลองสองต้นนุ่น (มอเตอร์เวย์),30/09/2569 16:25,0.90
คลองสองต้นนุ่น (มอเตอร์เวย์),30/09/2569 16:30,0.90
คลองสองต้นนุ่น (มอเตอร์เวย์),30/09/2569 16:35,0.90
คลองสองต้นนุ่น (มอเตอร์เวย์),30/09/2569 16:40,0.90
คลองสองต้นนุ่น (มอเตอร์เวย์),30/09/2569 16:45,0.90
คลองสองต้นนุ่น (มอเตอร์เวย์),30/09/2569 16:50,0.90
คลองสองต้นนุ่น (มอเตอร์เวย์),30/09/2569 16:55,0.89
คลองสองต้นนุ่น (มอเตอร์เวย์),30/09/2569 17:00,0.89
คลองสองต้นนุ่น (มอเตอร์เวย์),30/09/2569 17:05,0.89
คลองสองต้นนุ่น (มอเตอร์เวย์),30/09/2569 17:10,0.89
คลองสองต้นนุ่น (มอเตอร์เวย์),30/09/2569 17:15,0.89
คลองสองต้นนุ่น (มอเตอร์เวย์),30/09/2569 17:20,0.89
คลองสองต้นนุ่น (มอเตอร์เวย์),30/09/2569 17:25,0.89
คลองสองต้นนุ่น (มอเตอร์เวย์),30/09/2569 17:30,0.89
คลองสองต้นนุ่น (มอเตอร์เวย์),30/09/2569 17:35,0.89
คลองสองต้นนุ่น (มอเตอร์เวย์),30/09/2569 17:40,0.89
คลองสองต้นนุ่น (มอเตอร์เวย์),30/09/2569 17:45,0.89
คลองสองต้นนุ่น (มอเตอร์เวย์),30/09/2569 17:50,0.89
คลองสองต้นนุ่น (มอเตอร์เวย์),30/09/2569 17:55,0.89
คลองสองต้นนุ่น (มอเตอร์เวย์),30/09/2569 18:00,0.89
คลองสองต้นนุ่น (มอเตอร์เวย์),30/09/2569 18:05,0.89
คลองสองต้นนุ่น (มอเตอร์เวย์),30/09/2569 18:10,0.89
คลองสองต้นนุ่น (มอเตอร์เวย์),30/09/2569 18:15,0.89
คลองสองต้นนุ่น (มอเตอร์เวย์),30/09/2569 18:20,0.89
คลองสองต้นนุ่น (มอเตอร์เวย์),30/09/2569 18:25,0.89
คลองสองต้นนุ่น (มอเตอร์เวย์),30/09/2569 18:30,0.89
คลองสองต้นนุ่น (มอเตอร์เวย์),30/09/2569 18:35,0.89
คลองสองต้นนุ่น (มอเตอร์เวย์),30/09/2569 18:40,0.89
คลองสองต้นนุ่น (มอเตอร์เวย์),30/09/2569 18:45,0.89
คลองสองต้นนุ่น (มอเตอร์เวย์),30/09/2569 18:50,0.89
คลองสองต้นนุ่น (มอเตอร์เวย์),30/09/2569 18:55,0.89
คลองสองต้นนุ่น (มอเตอร์เวย์),30/09/2569 19:00,0.89
คลองสองต้นนุ่น (มอเตอร์เวย์),30/09/2569 19:05,0.89
คลองสองต้นนุ่น (มอเตอร์เวย์),30/09/2569 19:10,0.89
คลองสองต้นนุ่น (มอเตอร์เวย์),30/09/2569 19:15,0.89
คลองสองต้นนุ่น (มอเตอร์เวย์),30/09/2569 19:20,0.89
คลองสองต้นนุ่น (มอเตอร์เวย์),30/09/2569 19:25,0.89
คลองสองต้นนุ่น (มอเตอร์เวย์),30/09/2569 19:30,0.89
คลองสองต้นนุ่น (มอเตอร์เวย์),30/09/2569 19:35,0.89
คลองสองต้นนุ่น (มอเตอร์เวย์),30/09/2569 19:40,0.89
คลองสองต้นนุ่น (มอเตอร์เวย์),30/09/2569 19:45,0.89
คลองสองต้นนุ่น (มอเตอร์เวย์),30/09/2569 19:50,0.89
คลองสองต้นนุ่น (มอเตอร์เวย์),30/09/2569 19:55,0.89
คลองสองต้นนุ่น (มอเตอร์เวย์),30/09/2569 20:00,0.89
คลองสองต้นนุ่น (มอเตอร์เวย์),30/09/2569 20:05,0.89
คลองสองต้นนุ่น (มอเตอร์เวย์),30/09/2569 20:10,0.89
คลองสองต้นนุ่น (มอเตอร์เวย์),30/09/2569 20:15,0.89
คลองสองต้นนุ่น (มอเตอร์เวย์),30/09/2569 20:20,0.89
คลองสองต้นนุ่น (มอเตอร์เวย์),30/09/2569 20:25,0.89
คลองสองต้นนุ่น (มอเตอร์เวย์),30/09/2569 20:30,0.89
คลองสองต้นนุ่น (มอเตอร์เวย์),30/09/2569 20:35,0.89
คลองสองต้นนุ่น (มอเตอร์เวย์),30/09/2569 20:40,0.89
คลองสองต้นนุ่น (มอเตอร์เวย์),30/09/2569 20:45,0.89
คลองสองต้นนุ่น (มอเตอร์เวย์),30/09/2569 20:50,0.89
คลองสองต้นนุ่น (มอเตอร์เวย์),30/09/2569 20:55,0.89
คลองสองต้นนุ่น (มอเตอร์เวย์),30/09/2569 21:00,0.89
คลองสองต้นนุ่น (มอเตอร์เวย์),30/09/2569 21:05,0.89
คลองสองต้นนุ่น (มอเตอร์เวย์),30/09/2569 21:10,0.89
คลองสองต้นนุ่น (มอเตอร์เวย์),30/09/2569 21:15,0.89
คลองสองต้นนุ่น (มอเตอร์เวย์),30/09/2569 21:20,0.89
คลองสองต้นนุ่น (มอเตอร์เวย์),30/09/2569 21:25,0.89
คลองสองต้นนุ่น (มอเตอร์เวย์),30/09/2569 21:30,0.89
คลองสองต้นนุ่น (มอเตอร์เวย์),30/09/2569 21:35,0.89
คลองสองต้นนุ่น (มอเตอร์เวย์),30/09/2569 21:40,0.89
คลองสองต้นนุ่น (มอเตอร์เวย์),30/09/2569 21:45,0.89
คลองสองต้นนุ่น (มอเตอร์เวย์),30/09/2569 21:50,0.89
คลองสองต้นนุ่น (มอเตอร์เวย์),30/09/2569 21:55,0.89
คลองสองต้นนุ่น (มอเตอร์เวย์),30/09/2569 22:00,0.89
คลองสองต้นนุ่น (มอเตอร์เวย์),30/09/2569 22:05,0.89
คลองสองต้นนุ่น (มอเตอร์เวย์),30/09/2569 22:10,0.88
คลองสองต้นนุ่น (มอเตอร์เวย์),30/09/2569 22:15,0.89
คลองสองต้นนุ่น (มอเตอร์เวย์),30/09/2569 22:20,0.88
คลองสองต้นนุ่น (มอเตอร์เวย์),30/09/2569 22:25,0.89
คลองสองต้นนุ่น (มอเตอร์เวย์),30/09/2569 22:30,0.88
คลองสองต้นนุ่น (มอเตอร์เวย์),30/09/2569 22:35,0.89
คลองสองต้นนุ่น (มอเตอร์เวย์),30/09/2569 22:40,0.88
คลองสองต้นนุ่น (มอเตอร์เวย์),30/09/2569 22:45,0.88
คลองสองต้นนุ่น (มอเตอร์เวย์),30/09/2569 22:50,0.88
คลองสองต้นนุ่น (มอเตอร์เวย์),30/09/2569 22:55,0.88
คลองสองต้นนุ่น (มอเตอร์เวย์),30/09/2569 23:00,0.88
คลองสองต้นนุ่น (มอเตอร์เวย์),30/09/2569 23:05,0.88
คลองสองต้นนุ่น (มอเตอร์เวย์),30/09/2569 23:10,0.88
คลองสองต้นนุ่น (มอเตอร์เวย์),30/09/2569 23:15,0.88
คลองสองต้นนุ่น (มอเตอร์เวย์),30/09/2569 23:20,0.88
คลองสองต้นนุ่น (มอเตอร์เวย์),30/09/2569 23:25,0.88
คลองสองต้นนุ่น (มอเตอร์เวย์),30/09/2569 23:30,0.88
คลองสองต้นนุ่น (มอเตอร์เวย์),30/09/2569 23:35,0.88
คลองสองต้นนุ่น (มอเตอร์เวย์),30/09/2569 23:40,0.88
คลองสองต้นนุ่น (มอเตอร์เวย์),30/09/2569 23:45,0.88
คลองสองต้นนุ่น (มอเตอร์เวย์),30/09/2569 23:50,0.88
คลองสองต้นนุ่น (มอเตอร์เวย์),30/09/2569 23:55,0.88
คลองสองต้นนุ่น (มอเตอร์เวย์),01/10/2569 00:00,0.88
คลองสองต้นนุ่น (มอเตอร์เวย์),01/10/2569 00:05,0.88
คลองสองต้นนุ่น (มอเตอร์เวย์),01/10/2569 00:10,0.88
คลองสองต้นนุ่น (มอเตอร์เวย์),01/10/2569 00:15,0.88
คลองสองต้นนุ่น (มอเตอร์เวย์),01/10/2569 00:20,0.88
คลองสองต้นนุ่น (มอเตอร์เวย์),01/10/2569 00:25,0.88
คลองสองต้นนุ่น (มอเตอร์เวย์),01/10/2569 00:30,0.88
คลองสองต้นนุ่น (มอเตอร์เวย์),01/10/2569 00:35,0.88
คลองสองต้นนุ่น (มอเตอร์เวย์),01/10/2569 00:40,0.88
คลองสองต้นนุ่น (มอเตอร์เวย์),01/10/2569 00:45,0.88
คลองสองต้นนุ่น (มอเตอร์เวย์),01/10/2569 00:50,0.88
คลองสองต้นนุ่น (มอเตอร์เวย์),01/10/2569 00:55,0.88
คลองสองต้นนุ่น (มอเตอร์เวย์),01/10/2569 01:00,0.88
คลองสองต้นนุ่น (มอเตอร์เวย์),01/10/2569 01:05,0.88
คลองสองต้นนุ่น (มอเตอร์เวย์),01/10/2569 01:10,0.88
คลองสองต้นนุ่น (มอเตอร์เวย์),01/10/2569 01:15,0.88
คลองสองต้นนุ่น (มอเตอร์เวย์),01/10/2569 01:20,0.88
คลองสองต้นนุ่น (มอเตอร์เวย์),01/10/2569 01:25,0.88
คลองสองต้นนุ่น (มอเตอร์เวย์),01/10/2569 01:30,0.88
คลองสองต้นนุ่น (มอเตอร์เวย์),01/10/2569 01:35,0.88
คลองสองต้นนุ่น (มอเตอร์เวย์),01/10/2569 01:40,0.88
คลองสองต้นนุ่น (มอเตอร์เวย์),01/10/2569 01:45,0.88
คลองสองต้นนุ่น (มอเตอร์เวย์),01/10/2569 01:50,0.88
คลองสองต้นนุ่น (มอเตอร์เวย์),01/10/2569 01:55,0.88
คลองสองต้นนุ่น (มอเตอร์เวย์),01/10/2569 02:00,0.88
คลองสองต้นนุ่น (มอเตอร์เวย์),01/10/2569 02:05,0.88
คลองสองต้นนุ่น (มอเตอร์เวย์),01/10/2569 02:10,0.88
คลองสองต้นนุ่น (มอเตอร์เวย์),01/10/2569 02:15,0.88
คลองสองต้นนุ่น (มอเตอร์เวย์),01/10/2569 02:20,0.88
คลองสองต้นนุ่น (มอเตอร์เวย์),01/10/2569 02:25,0.88
คลองสองต้นนุ่น (มอเตอร์เวย์),01/10/2569 02:30,0.88
คลองสองต้นนุ่น (มอเตอร์เวย์),01/10/2569 02:35,0.88
คลองสองต้นนุ่น (มอเตอร์เวย์),01/10/2569 02:40,0.88
คลองสองต้นนุ่น (มอเตอร์เวย์),01/10/2569 02:45,0.88
คลองสองต้นนุ่น (มอเตอร์เวย์),01/10/2569 02:50,0.88
คลองสองต้นนุ่น (มอเตอร์เวย์),01/10/2569 02:55,0.88
คลองสองต้นนุ่น (มอเตอร์เวย์),01/10/2569 03:00,0.88
คลองสองต้นนุ่น (มอเตอร์เวย์),01/10/2569 03:05,0.88
คลองสองต้นนุ่น (มอเตอร์เวย์),01/10/2569 03:10,0.88
คลองสองต้นนุ่น (มอเตอร์เวย์),01/10/2569 03:15,0.88
คลองสองต้นนุ่น (มอเตอร์เวย์),01/10/2569 03:20,0.88
คลองสองต้นนุ่น (มอเตอร์เวย์),01/10/2569 03:25,0.88
คลองสองต้นนุ่น (มอเตอร์เวย์),01/10/2569 03:30,0.88
คลองสองต้นนุ่น (มอเตอร์เวย์),01/10/2569 03:35,0.87
คลองสองต้นนุ่น (มอเตอร์เวย์),01/10/2569 03:40,0.88
คลองสองต้นนุ่น (มอเตอร์เวย์),01/10/2569 03:45,0.88
คลองสองต้นนุ่น (มอเตอร์เวย์),01/10/2569 03:50,0.88
คลองสองต้นนุ่น (มอเตอร์เวย์),01/10/2569 03:55,0.87
คลองสองต้นนุ่น (มอเตอร์เวย์),01/10/2569 04:00,0.87
คลองสองต้นนุ่น (มอเตอร์เวย์),01/10/2569 04:05,0.87
คลองสองต้นนุ่น (มอเตอร์เวย์),01/10/2569 04:10,0.87
คลองสองต้นนุ่น (มอเตอร์เวย์),01/10/2569 04:15,0.87
คลองสองต้นนุ่น (มอเตอร์เวย์),01/10/2569 04:20,0.87
คลองสองต้นนุ่น (มอเตอร์เวย์),01/10/2569 04:25,0.87
คลองสองต้นนุ่น (มอเตอร์เวย์),01/10/2569 04:30,0.87
คลองสองต้นนุ่น (มอเตอร์เวย์),01/10/2569 04:35,0.87
คลองสองต้นนุ่น (มอเตอร์เวย์),01/10/2569 04:40,0.87
คลองสองต้นนุ่น (มอเตอร์เวย์),01/10/2569 04:45,0.87
คลองสองต้นนุ่น (มอเตอร์เวย์),01/10/2569 04:50,0.87
คลองสองต้นนุ่น (มอเตอร์เวย์),01/10/2569 04:55,0.87
คลองสองต้นนุ่น (มอเตอร์เวย์),01/10/2569 05:00,0.87
คลองสองต้นนุ่น (มอเตอร์เวย์),01/10/2569 05:05,0.87
คลองสองต้นนุ่น (มอเตอร์เวย์),01/10/2569 05:10,0.87
คลองสองต้นนุ่น (มอเตอร์เวย์),01/10/2569 05:15,0.87
คลองสองต้นนุ่น (มอเตอร์เวย์),01/10/2569 05:20,0.87
คลองสองต้นนุ่น (มอเตอร์เวย์),01/10/2569 05:25,0.87
คลองสองต้นนุ่น (มอเตอร์เวย์),01/10/2569 05:30,0.87
คลองสองต้นนุ่น (มอเตอร์เวย์),01/10/2569 05:35,0.87
คลองสองต้นนุ่น (มอเตอร์เวย์),01/10/2569 05:40,0.87
คลองสองต้นนุ่น (มอเตอร์เวย์),01/10/2569 05:45,0.87
คลองสองต้นนุ่น (มอเตอร์เวย์),01/10/2569 05:50,0.87
คลองสองต้นนุ่น (มอเตอร์เวย์),01/10/2569 05:55,0.87
คลองสองต้นนุ่น (มอเตอร์เวย์),01/10/2569 06:00,0.87
คลองสองต้นนุ่น (มอเตอร์เวย์),01/10/2569 06:05,0.87
คลองสองต้นนุ่น (มอเตอร์เวย์),01/10/2569 06:10,0.87
คลองสองต้นนุ่น (มอเตอร์เวย์),01/10/2569 06:15,0.87
คลองสองต้นนุ่น (มอเตอร์เวย์),01/10/2569 06:20,0.87
คลองสองต้นนุ่น (มอเตอร์เวย์),01/10/2569 06:25,0.87
คลองสองต้นนุ่น (มอเตอร์เวย์),01/10/2569 06:30,0.87
คลองสองต้นนุ่น (มอเตอร์เวย์),01/10/2569 06:35,0.87
คลองสองต้นนุ่น (มอเตอร์เวย์),01/10/2569 06:40,0.87
คลองสองต้นนุ่น (มอเตอร์เวย์),01/10/2569 06:45,0.87
คลองสองต้นนุ่น (มอเตอร์เวย์),01/10/2569 06:50,0.87
คลองสองต้นนุ่น (มอเตอร์เวย์),01/10/2569 06:55,0.87
คลองสองต้นนุ่น (มอเตอร์เวย์),01/10/2569 07:00,0.87
คลองสองต้นนุ่น (มอเตอร์เวย์),01/10/2569 07:05,0.87
คลองสองต้นนุ่น (มอเตอร์เวย์),01/10/2569 07:10,0.87
คลองสองต้นนุ่น (มอเตอร์เวย์),01/10/2569 07:15,0.87
คลองสองต้นนุ่น (มอเตอร์เวย์),01/10/2569 07:20,0.87
คลองสองต้นนุ่น (มอเตอร์เวย์),01/10/2569 07:25,0.87
คลองสองต้นนุ่น (มอเตอร์เวย์),01/10/2569 07:30,0.87
คลองสองต้นนุ่น (มอเตอร์เวย์),01/10/2569 07:35,0.87
คลองสองต้นนุ่น (มอเตอร์เวย์),01/10/2569 07:40,0.87
คลองสองต้นนุ่น (มอเตอร์เวย์),01/10/2569 07:45,0.87
คลองสองต้นนุ่น (มอเตอร์เวย์),01/10/2569 07:50,0.87
คลองสองต้นนุ่น (มอเตอร์เวย์),01/10/2569 07:55,0.87
คลองสองต้นนุ่น (มอเตอร์เวย์),01/10/2569 08:00,0.87
คลองสองต้นนุ่น (มอเตอร์เวย์),01/10/2569 08:05,0.87
คลองสองต้นนุ่น (มอเตอร์เวย์),01/10/2569 08:10,0.87
คลองสองต้นนุ่น (มอเตอร์เวย์),01/10/2569 08:15,0.87
คลองสองต้นนุ่น (มอเตอร์เวย์),01/10/2569 08:20,0.87
คลองสองต้นนุ่น (มอเตอร์เวย์),01/10/2569 08:25,0.87
คลองสองต้นนุ่น (มอเตอร์เวย์),01/10/2569 08:30,0.87
คลองสองต้นนุ่น (มอเตอร์เวย์),01/10/2569 08:35,0.87
คลองสองต้นนุ่น (มอเตอร์เวย์),01/10/2569 08:40,0.87
คลองสองต้นนุ่น (มอเตอร์เวย์),01/10/2569 08:45,0.87
คลองสองต้นนุ่น (มอเตอร์เวย์),01/10/2569 08:50,0.87
คลองสองต้นนุ่น (มอเตอร์เวย์),01/10/2569 08:55,0.87
คลองสองต้นนุ่น (มอเตอร์เวย์),01/10/2569 09:00,0.87
คลองสองต้นนุ่น (มอเตอร์เวย์),01/10/2569 09:05,0.87
คลองสองต้นนุ่น (มอเตอร์เวย์),01/10/2569 09:10,0.87
คลองสองต้นนุ่น (มอเตอร์เวย์),01/10/2569 09:15,0.87
คลองสองต้นนุ่น (มอเตอร์เวย์),01/10/2569 09:20,0.87
คลองสองต้นนุ่น (มอเตอร์เวย์),01/10/2569 09:25,0.87
คลองสองต้นนุ่น (มอเตอร์เวย์),01/10/2569 09:30,0.87
คลองสองต้นนุ่น (มอเตอร์เวย์),01/10/2569 09:35,0.87
คลองสองต้นนุ่น (มอเตอร์เวย์),01/10/2569 09:40,0.87
คลองสองต้นนุ่น (มอเตอร์เวย์),01/10/2569 09:45,0.87
คลองสองต้นนุ่น (มอเตอร์เวย์),01/10/2569 09:50,0.87
คลองสองต้นนุ่น (มอเตอร์เวย์),01/10/2569 09:55,0.87
คลองสองต้นนุ่น (มอเตอร์เวย์),01/10/2569 10:00,0.87
คลองสองต้นนุ่น (มอเตอร์เวย์),01/10/2569 10:05,0.87
คลองสองต้นนุ่น (มอเตอร์เวย์),01/10/2569 10:10,0.87
คลองสองต้นนุ่น (มอเตอร์เวย์),01/10/2569 10:15,0.87
คลองสองต้นนุ่น (มอเตอร์เวย์),01/10/2569 10:20,0.87
คลองสองต้นนุ่น (มอเตอร์เวย์),01/10/2569 10:25,0.87
คลองสองต้นนุ่น (มอเตอร์เวย์),01/10/2569 10:30,0.87
คลองสองต้นนุ่น (มอเตอร์เวย์),01/10/2569 10:35,0.87
คลองสองต้นนุ่น (มอเตอร์เวย์),01/10/2569 10:40,0.87
คลองสองต้นนุ่น (มอเตอร์เวย์),01/10/2569 10:45,0.87
คลองสองต้นนุ่น (มอเตอร์เวย์),01/10/2569 10:50,0.87
คลองสองต้นนุ่น (มอเตอร์เวย์),01/10/2569 10:55,0.87
คลองสองต้นนุ่น (มอเตอร์เวย์),01/10/2569 11:00,0.87
คลองสองต้นนุ่น (มอเตอร์เวย์),01/10/2569 11:05,0.87
คลองสองต้นนุ่น (มอเตอร์เวย์),01/10/2569 11:10,0.87
คลองสองต้นนุ่น (มอเตอร์เวย์),01/10/2569 11:15,0.87
คลองสองต้นนุ่น (มอเตอร์เวย์),01/10/2569 11:20,0.87
คลองสองต้นนุ่น (มอเตอร์เวย์),01/10/2569 11:25,0.87
คลองสองต้นนุ่น (มอเตอร์เวย์),01/10/2569 11:30,0.87
คลองสองต้นนุ่น (มอเตอร์เวย์),01/10/2569 11:35,0.87
คลองสองต้นนุ่น (มอเตอร์เวย์),01/10/2569 11:40,0.87
คลองสองต้นนุ่น (มอเตอร์เวย์),01/10/2569 11:45,0.87
คลองสองต้นนุ่น (มอเตอร์เวย์),01/10/2569 11:50,0.87
คลองสองต้นนุ่น (มอเตอร์เวย์),01/10/2569 11:55,0.87
คลองสองต้นนุ่น (มอเตอร์เวย์),01/10/2569 12:00,0.87
คลองสองต้นนุ่น (มอเตอร์เวย์),01/10/2569 12:05,0.87
คลองสองต้นนุ่น (มอเตอร์เวย์),01/10/2569 12:10,0.87
คลองสองต้นนุ่น (มอเตอร์เวย์),01/10/2569 12:15,0.87
คลองสองต้นนุ่น (มอเตอร์เวย์),01/10/2569 12:20,0.87
คลองสองต้นนุ่น (มอเตอร์เวย์),01/10/2569 12:25,0.87
คลองสองต้นนุ่น (มอเตอร์เวย์),01/10/2569 12:30,0.87
คลองสองต้นนุ่น (มอเตอร์เวย์),01/10/2569 12:35,0.87
คลองสองต้นนุ่น (มอเตอร์เวย์),01/10/2569 12:40,0.87
คลองสองต้นนุ่น (มอเตอร์เวย์),01/10/2569 12:45,0.87
คลองสองต้นนุ่น (มอเตอร์เวย์),01/10/2569 12:50,0.87
คลองสองต้นนุ่น (มอเตอร์เวย์),01/10/2569 12:55,0.87
คลองสองต้นนุ่น (มอเตอร์เวย์),01/10/2569 13:00,0.87
คลองสองต้นนุ่น (มอเตอร์เวย์),01/10/2569 13:05,0.87
คลองสองต้นนุ่น (มอเตอร์เวย์),01/10/2569 13:10,0.87
คลองสองต้นนุ่น (มอเตอร์เวย์),01/10/2569 13:15,0.87
คลองสองต้นนุ่น (มอเตอร์เวย์),01/10/2569 13:20,0.87
คลองสองต้นนุ่น (มอเตอร์เวย์),01/10/2569 13:25,0.87
คลองสองต้นนุ่น (มอเตอร์เวย์),01/10/2569 13:30,0.87
คลองสองต้นนุ่น (มอเตอร์เวย์),01/10/2569 13:35,0.87
คลองสองต้นนุ่น (มอเตอร์เวย์),01/10/2569 13:40,0.87
คลองสองต้นนุ่น (มอเตอร์เวย์),01/10/2569 13:45,0.87
คลองสองต้นนุ่น (มอเตอร์เวย์),01/10/2569 13:50,0.87
คลองสองต้นนุ่น (มอเตอร์เวย์),01/10/2569 13:55,0.87
คลองสองต้นนุ่น (มอเตอร์เวย์),01/10/2569 14:00,0.87
คลองสองต้นนุ่น (มอเตอร์เวย์),01/10/2569 14:05,0.87
คลองสองต้นนุ่น (มอเตอร์เวย์),01/10/2569 14:10,0.87
คลองสองต้นนุ่น (มอเตอร์เวย์),01/10/2569 14:15,0.87
คลองสองต้นนุ่น (มอเตอร์เวย์),01/10/2569 14:20,0.87
คลองสองต้นนุ่น (มอเตอร์เวย์),01/10/2569 14:25,0.87
คลองสองต้นนุ่น (มอเตอร์เวย์),01/10/2569 14:30,0.87
คลองสองต้นนุ่น (มอเตอร์เวย์),01/10/2569 14:35,0.87
คลองสองต้นนุ่น (มอเตอร์เวย์),01/10/2569 14:40,0.87
คลองสองต้นนุ่น (มอเตอร์เวย์),01/10/2569 14:45,0.87
คลองสองต้นนุ่น (มอเตอร์เวย์),01/10/2569 14:50,0.87
คลองสองต้นนุ่น (มอเตอร์เวย์),01/10/2569 14:55,0.87
คลองสองต้นนุ่น (มอเตอร์เวย์),01/10/2569 15:00,0.87
คลองสองต้นนุ่น (มอเตอร์เวย์),01/10/2569 15:05,0.87
คลองสองต้นนุ่น (มอเตอร์เวย์),01/10/2569 15:10,0.87
คลองสองต้นนุ่น (มอเตอร์เวย์),01/10/2569 15:15,0.87
คลองสองต้นนุ่น (มอเตอร์เวย์),01/10/2569 15:20,0.87
คลองสองต้นนุ่น (มอเตอร์เวย์),01/10/2569 15:25,0.87
คลองสองต้นนุ่น (มอเตอร์เวย์),01/10/2569 15:30,0.87
คลองสองต้นนุ่น (มอเตอร์เวย์),01/10/2569 15:35,0.87
คลองสองต้นนุ่น (มอเตอร์เวย์),01/10/2569 15:40,0.87
คลองสองต้นนุ่น (มอเตอร์เวย์),01/10/2569 15:45,0.87
คลองสองต้นนุ่น (มอเตอร์เวย์),01/10/2569 15:50,0.87
คลองสองต้นนุ่น (มอเตอร์เวย์),01/10/2569 15:55,0.87
คลองสองต้นนุ่น (มอเตอร์เวย์),01/10/2569 16:00,0.87
คลองสองต้นนุ่น (มอเตอร์เวย์),01/10/2569 16:05,0.87
คลองสองต้นนุ่น (มอเตอร์เวย์),01/10/2569 16:10,0.87
คลองสองต้นนุ่น (มอเตอร์เวย์),01/10/2569 16:15,0.87
คลองสองต้นนุ่น (มอเตอร์เวย์),01/10/2569 16:20,0.87
คลองสองต้นนุ่น (มอเตอร์เวย์),01/10/2569 16:25,0.87
คลองสองต้นนุ่น (มอเตอร์เวย์),01/10/2569 16:30,0.87
คลองสองต้นนุ่น (มอเตอร์เวย์),01/10/2569 16:35,0.87
คลองสองต้นนุ่น (มอเตอร์เวย์),01/10/2569 16:40,0.87
คลองสองต้นนุ่น (มอเตอร์เวย์),01/10/2569 16:45,0.87
คลองสองต้นนุ่น (มอเตอร์เวย์),01/10/2569 16:50,0.87
คลองสองต้นนุ่น (มอเตอร์เวย์),01/10/2569 16:55,0.87
คลองประเวศบุรีรมย์ (ปตร.ลาดกระบัง),29/09/2569 17:00,0.77
คลองประเวศบุรีรมย์ (ปตร.ลาดกระบัง),29/09/2569 17:05,0.77
คลองประเวศบุรีรมย์ (ปตร.ลาดกระบัง),29/09/2569 17:10,0.77
คลองประเวศบุรีรมย์ (ปตร.ลาดกระบัง),29/09/2569 17:15,0.77
คลองประเวศบุรีรมย์ (ปตร.ลาดกระบัง),29/09/2569 17:20,0.77
คลองประเวศบุรีรมย์ (ปตร.ลาดกระบัง),29/09/2569 17:25,0.77
คลองประเวศบุรีรมย์ (ปตร.ลาดกระบัง),29/09/2569 17:30,0.77
คลองประเวศบุรีรมย์ (ปตร.ลาดกระบัง),29/09/2569 17:35,0.77
คลองประเวศบุรีรมย์ (ปตร.ลาดกระบัง),29/09/2569 17:40,0.77
คลองประเวศบุรีรมย์ (ปตร.ลาดกระบัง),29/09/2569 17:45,0.77
คลองประเวศบุรีรมย์ (ปตร.ลาดกระบัง),29/09/2569 17:50,0.77
คลองประเวศบุรีรมย์ (ปตร.ลาดกระบัง),29/09/2569 17:55,0.77
คลองประเวศบุรีรมย์ (ปตร.ลาดกระบัง),29/09/2569 18:00,0.77
คลองประเวศบุรีรมย์ (ปตร.ลาดกระบัง),29/09/2569 18:05,0.76
คลองประเวศบุรีรมย์ (ปตร.ลาดกระบัง),29/09/2569 18:10,0.76
คลองประเวศบุรีรมย์ (ปตร.ลาดกระบัง),29/09/2569 18:15,0.76
คลองประเวศบุรีรมย์ (ปตร.ลาดกระบัง),29/09/2569 18:20,0.77
คลองประเวศบุรีรมย์ (ปตร.ลาดกระบัง),29/09/2569 18:25,0.76
คลองประเวศบุรีรมย์ (ปตร.ลาดกระบัง),29/09/2569 18:30,0.76
คลองประเวศบุรีรมย์ (ปตร.ลาดกระบัง),29/09/2569 18:35,0.76
คลองประเวศบุรีรมย์ (ปตร.ลาดกระบัง),29/09/2569 18:40,0.76
คลองประเวศบุรีรมย์ (ปตร.ลาดกระบัง),29/09/2569 18:45,0.76
คลองประเวศบุรีรมย์ (ปตร.ลาดกระบัง),29/09/2569 18:50,0.76
คลองประเวศบุรีรมย์ (ปตร.ลาดกระบัง),29/09/2569 18:55,0.76
คลองประเวศบุรีรมย์ (ปตร.ลาดกระบัง),29/09/2569 19:00,0.76
คลองประเวศบุรีรมย์ (ปตร.ลาดกระบัง),29/09/2569 19:05,0.76
คลองประเวศบุรีรมย์ (ปตร.ลาดกระบัง),29/09/2569 19:10,0.76
คลองประเวศบุรีรมย์ (ปตร.ลาดกระบัง),29/09/2569 19:15,0.76
คลองประเวศบุรีรมย์ (ปตร.ลาดกระบัง),29/09/2569 19:20,0.76
คลองประเวศบุรีรมย์ (ปตร.ลาดกระบัง),29/09/2569 19:25,0.76
คลองประเวศบุรีรมย์ (ปตร.ลาดกระบัง),29/09/2569 19:30,0.76
คลองประเวศบุรีรมย์ (ปตร.ลาดกระบัง),29/09/2569 19:35,0.76
คลองประเวศบุรีรมย์ (ปตร.ลาดกระบัง),29/09/2569 19:40,0.76
คลองประเวศบุรีรมย์ (ปตร.ลาดกระบัง),29/09/2569 19:45,0.76
คลองประเวศบุรีรมย์ (ปตร.ลาดกระบัง),29/09/2569 19:50,0.76
คลองประเวศบุรีรมย์ (ปตร.ลาดกระบัง),29/09/2569 19:55,0.76
คลองประเวศบุรีรมย์ (ปตร.ลาดกระบัง),29/09/2569 20:00,0.76
คลองประเวศบุรีรมย์ (ปตร.ลาดกระบัง),29/09/2569 20:05,0.76
คลองประเวศบุรีรมย์ (ปตร.ลาดกระบัง),29/09/2569 20:10,0.76
คลองประเวศบุรีรมย์ (ปตร.ลาดกระบัง),29/09/2569 20:15,0.76
คลองประเวศบุรีรมย์ (ปตร.ลาดกระบัง),29/09/2569 20:20,0.76
คลองประเวศบุรีรมย์ (ปตร.ลาดกระบัง),29/09/2569 20:25,0.76
คลองประเวศบุรีรมย์ (ปตร.ลาดกระบัง),29/09/2569 20:30,0.76
คลองประเวศบุรีรมย์ (ปตร.ลาดกระบัง),29/09/2569 20:35,0.76
คลองประเวศบุรีรมย์ (ปตร.ลาดกระบัง),29/09/2569 20:40,0.76
คลองประเวศบุรีรมย์ (ปตร.ลาดกระบัง),29/09/2569 20:45,0.76
คลองประเวศบุรีรมย์ (ปตร.ลาดกระบัง),29/09/2569 20:50,0.76
คลองประเวศบุรีรมย์ (ปตร.ลาดกระบัง),29/09/2569 20:55,0.76
คลองประเวศบุรีรมย์ (ปตร.ลาดกระบัง),29/09/2569 21:00,0.76
คลองประเวศบุรีรมย์ (ปตร.ลาดกระบัง),29/09/2569 21:05,0.76
คลองประเวศบุรีรมย์ (ปตร.ลาดกระบัง),29/09/2569 21:10,0.76
คลองประเวศบุรีรมย์ (ปตร.ลาดกระบัง),29/09/2569 21:15,0.76
คลองประเวศบุรีรมย์ (ปตร.ลาดกระบัง),29/09/2569 21:20,0.76
คลองประเวศบุรีรมย์ (ปตร.ลาดกระบัง),29/09/2569 21:25,0.76
คลองประเวศบุรีรมย์ (ปตร.ลาดกระบัง),29/09/2569 21:30,0.76
คลองประเวศบุรีรมย์ (ปตร.ลาดกระบัง),29/09/2569 21:35,0.76
คลองประเวศบุรีรมย์ (ปตร.ลาดกระบัง),29/09/2569 21:40,0.76
คลองประเวศบุรีรมย์ (ปตร.ลาดกระบัง),29/09/2569 21:45,0.76
คลองประเวศบุรีรมย์ (ปตร.ลาดกระบัง),29/09/2569 21:50,0.76
คลองประเวศบุรีรมย์ (ปตร.ลาดกระบัง),29/09/2569 21:55,0.76
คลองประเวศบุรีรมย์ (ปตร.ลาดกระบัง),29/09/2569 22:00,0.76
คลองประเวศบุรีรมย์ (ปตร.ลาดกระบัง),29/09/2569 22:05,0.76
คลองประเวศบุรีรมย์ (ปตร.ลาดกระบัง),29/09/2569 22:10,0.76
คลองประเวศบุรีรมย์ (ปตร.ลาดกระบัง),29/09/2569 22:15,0.76
คลองประเวศบุรีรมย์ (ปตร.ลาดกระบัง),29/09/2569 22:20,0.76
คลองประเวศบุรีรมย์ (ปตร.ลาดกระบัง),29/09/2569 22:25,0.76
คลองประเวศบุรีรมย์ (ปตร.ลาดกระบัง),29/09/2569 22:30,0.76
คลองประเวศบุรีรมย์ (ปตร.ลาดกระบัง),29/09/2569 22:35,0.76
คลองประเวศบุรีรมย์ (ปตร.ลาดกระบัง),29/09/2569 22:40,0.76
คลองประเวศบุรีรมย์ (ปตร.ลาดกระบัง),29/09/2569 22:45,0.75
คลองประเวศบุรีรมย์ (ปตร.ลาดกระบัง),29/09/2569 22:50,0.76
คลองประเวศบุรีรมย์ (ปตร.ลาดกระบัง),29/09/2569 22:55,-
คลองประเวศบุรีรมย์ (ปตร.ลาดกระบัง),29/09/2569 23:00,0.76
คลองประเวศบุรีรมย์ (ปตร.ลาดกระบัง),29/09/2569 23:05,0.75
คลองประเวศบุรีรมย์ (ปตร.ลาดกระบัง),29/09/2569 23:10,0.76
คลองประเวศบุรีรมย์ (ปตร.ลาดกระบัง),29/09/2569 23:15,-
คลองประเวศบุรีรมย์ (ปตร.ลาดกระบัง),29/09/2569 23:20,0.75
คลองประเวศบุรีรมย์ (ปตร.ลาดกระบัง),29/09/2569 23:25,0.75
คลองประเวศบุรีรมย์ (ปตร.ลาดกระบัง),29/09/2569 23:30,0.75
คลองประเวศบุรีรมย์ (ปตร.ลาดกระบัง),29/09/2569 23:35,0.75
คลองประเวศบุรีรมย์ (ปตร.ลาดกระบัง),29/09/2569 23:40,0.75
คลองประเวศบุรีรมย์ (ปตร.ลาดกระบัง),29/09/2569 23:45,0.75
คลองประเวศบุรีรมย์ (ปตร.ลาดกระบัง),29/09/2569 23:50,0.75
คลองประเวศบุรีรมย์ (ปตร.ลาดกระบัง),29/09/2569 23:55,0.75
คลองประเวศบุรีรมย์ (ปตร.ลาดกระบัง),30/09/2569 00:00,0.75
คลองประเวศบุรีรมย์ (ปตร.ลาดกระบัง),30/09/2569 00:05,0.75
คลองประเวศบุรีรมย์ (ปตร.ลาดกระบัง),30/09/2569 00:10,0.75
คลองประเวศบุรีรมย์ (ปตร.ลาดกระบัง),30/09/2569 00:15,0.76
คลองประเวศบุรีรมย์ (ปตร.ลาดกระบัง),30/09/2569 00:20,0.75
คลองประเวศบุรีรมย์ (ปตร.ลาดกระบัง),30/09/2569 00:25,0.75
คลองประเวศบุรีรมย์ (ปตร.ลาดกระบัง),30/09/2569 00:30,0.75
คลองประเวศบุรีรมย์ (ปตร.ลาดกระบัง),30/09/2569 00:35,0.75
คลองประเวศบุรีรมย์ (ปตร.ลาดกระบัง),30/09/2569 00:40,0.75
คลองประเวศบุรีรมย์ (ปตร.ลาดกระบัง),30/09/2569 00:45,0.75
คลองประเวศบุรีรมย์ (ปตร.ลาดกระบัง),30/09/2569 00:50,0.75
คลองประเวศบุรีรมย์ (ปตร.ลาดกระบัง),30/09/2569 00:55,0.75
คลองประเวศบุรีรมย์ (ปตร.ลาดกระบัง),30/09/2569 01:00,0.75
คลองประเวศบุรีรมย์ (ปตร.ลาดกระบัง),30/09/2569 01:05,0.75
คลองประเวศบุรีรมย์ (ปตร.ลาดกระบัง),30/09/2569 01:10,0.75
คลองประเวศบุรีรมย์ (ปตร.ลาดกระบัง),30/09/2569 01:15,0.75
คลองประเวศบุรีรมย์ (ปตร.ลาดกระบัง),30/09/2569 01:20,0.75
คลองประเวศบุรีรมย์ (ปตร.ลาดกระบัง),30/09/2569 01:25,0.75
คลองประเวศบุรีรมย์ (ปตร.ลาดกระบัง),30/09/2569 01:30,0.75
คลองประเวศบุรีรมย์ (ปตร.ลาดกระบัง),30/09/2569 01:35,0.75
คลองประเวศบุรีรมย์ (ปตร.ลาดกระบัง),30/09/2569 01:40,0.75
คลองประเวศบุรีรมย์ (ปตร.ลาดกระบัง),30/09/2569 01:45,0.75
คลองประเวศบุรีรมย์ (ปตร.ลาดกระบัง),30/09/2569 01:50,0.75
คลองประเวศบุรีรมย์ (ปตร.ลาดกระบัง),30/09/2569 01:55,0.75
คลองประเวศบุรีรมย์ (ปตร.ลาดกระบัง),30/09/2569 02:00,0.75
คลองประเวศบุรีรมย์ (ปตร.ลาดกระบัง),30/09/2569 02:05,0.75
คลองประเวศบุรีรมย์ (ปตร.ลาดกระบัง),30/09/2569 02:10,0.75
คลองประเวศบุรีรมย์ (ปตร.ลาดกระบัง),30/09/2569 02:15,0.75
คลองประเวศบุรีรมย์ (ปตร.ลาดกระบัง),30/09/2569 02:20,0.75
คลองประเวศบุรีรมย์ (ปตร.ลาดกระบัง),30/09/2569 02:25,0.75
คลองประเวศบุรีรมย์ (ปตร.ลาดกระบัง),30/09/2569 02:30,0.75
คลองประเวศบุรีรมย์ (ปตร.ลาดกระบัง),30/09/2569 02:35,0.75
คลองประเวศบุรีรมย์ (ปตร.ลาดกระบัง),30/09/2569 02:40,0.75
คลองประเวศบุรีรมย์ (ปตร.ลาดกระบัง),30/09/2569 02:45,0.75
คลองประเวศบุรีรมย์ (ปตร.ลาดกระบัง),30/09/2569 02:50,0.75
คลองประเวศบุรีรมย์ (ปตร.ลาดกระบัง),30/09/2569 02:55,0.75
คลองประเวศบุรีรมย์ (ปตร.ลาดกระบัง),30/09/2569 03:00,0.75
คลองประเวศบุรีรมย์ (ปตร.ลาดกระบัง),30/09/2569 03:05,0.75
คลองประเวศบุรีรมย์ (ปตร.ลาดกระบัง),30/09/2569 03:10,0.75
คลองประเวศบุรีรมย์ (ปตร.ลาดกระบัง),30/09/2569 03:15,0.74
คลองประเวศบุรีรมย์ (ปตร.ลาดกระบัง),30/09/2569 03:20,0.75
คลองประเวศบุรีรมย์ (ปตร.ลาดกระบัง),30/09/2569 03:25,0.75
คลองประเวศบุรีรมย์ (ปตร.ลาดกระบัง),30/09/2569 03:30,0.74
คลองประเวศบุรีรมย์ (ปตร.ลาดกระบัง),30/09/2569 03:35,0.75
คลองประเวศบุรีรมย์ (ปตร.ลาดกระบัง),30/09/2569 03:40,0.74
คลองประเวศบุรีรมย์ (ปตร.ลาดกระบัง),30/09/2569 03:45,0.75
คลองประเวศบุรีรมย์ (ปตร.ลาดกระบัง),30/09/2569 03:50,0.75
คลองประเวศบุรีรมย์ (ปตร.ลาดกระบัง),30/09/2569 03:55,0.75
คลองประเวศบุรีรมย์ (ปตร.ลาดกระบัง),30/09/2569 04:00,0.75
คลองประเวศบุรีรมย์ (ปตร.ลาดกระบัง),30/09/2569 04:05,0.75
คลองประเวศบุรีรมย์ (ปตร.ลาดกระบัง),30/09/2569 04:10,0.75
คลองประเวศบุรีรมย์ (ปตร.ลาดกระบัง),30/09/2569 04:15,0.74
คลองประเวศบุรีรมย์ (ปตร.ลาดกระบัง),30/09/2569 04:20,0.75
คลองประเวศบุรีรมย์ (ปตร.ลาดกระบัง),30/09/2569 04:25,0.75
คลองประเวศบุรีรมย์ (ปตร.ลาดกระบัง),30/09/2569 04:30,0.75
คลองประเวศบุรีรมย์ (ปตร.ลาดกระบัง),30/09/2569 04:35,0.75
คลองประเวศบุรีรมย์ (ปตร.ลาดกระบัง),30/09/2569 04:40,0.75
คลองประเวศบุรีรมย์ (ปตร.ลาดกระบัง),30/09/2569 04:45,0.75
คลองประเวศบุรีรมย์ (ปตร.ลาดกระบัง),30/09/2569 04:50,0.74
คลองประเวศบุรีรมย์ (ปตร.ลาดกระบัง),30/09/2569 04:55,0.75
คลองประเวศบุรีรมย์ (ปตร.ลาดกระบัง),30/09/2569 05:00,0.75
คลองประเวศบุรีรมย์ (ปตร.ลาดกระบัง),30/09/2569 05:05,0.74
คลองประเวศบุรีรมย์ (ปตร.ลาดกระบัง),30/09/2569 05:10,0.74
คลองประเวศบุรีรมย์ (ปตร.ลาดกระบัง),30/09/2569 05:15,0.74
คลองประเวศบุรีรมย์ (ปตร.ลาดกระบัง),30/09/2569 05:20,0.74
คลองประเวศบุรีรมย์ (ปตร.ลาดกระบัง),30/09/2569 05:25,0.74
คลองประเวศบุรีรมย์ (ปตร.ลาดกระบัง),30/09/2569 05:30,0.74
คลองประเวศบุรีรมย์ (ปตร.ลาดกระบัง),30/09/2569 05:35,0.74
คลองประเวศบุรีรมย์ (ปตร.ลาดกระบัง),30/09/2569 05:40,0.75
คลองประเวศบุรีรมย์ (ปตร.ลาดกระบัง),30/09/2569 05:45,0.74
คลองประเวศบุรีรมย์ (ปตร.ลาดกระบัง),30/09/2569 05:50,0.74
คลองประเวศบุรีรมย์ (ปตร.ลาดกระบัง),30/09/2569 05:55,0.74
คลองประเวศบุรีรมย์ (ปตร.ลาดกระบัง),30/09/2569 06:00,0.74
คลองประเวศบุรีรมย์ (ปตร.ลาดกระบัง),30/09/2569 06:05,0.74
คลองประเวศบุรีรมย์ (ปตร.ลาดกระบัง),30/09/2569 06:10,0.74
คลองประเวศบุรีรมย์ (ปตร.ลาดกระบัง),30/09/2569 06:15,0.74
คลองประเวศบุรีรมย์ (ปตร.ลาดกระบัง),30/09/2569 06:20,0.74
คลองประเวศบุรีรมย์ (ปตร.ลาดกระบัง),30/09/2569 06:25,0.74
คลองประเวศบุรีรมย์ (ปตร.ลาดกระบัง),30/09/2569 06:30,0.74
คลองประเวศบุรีรมย์ (ปตร.ลาดกระบัง),30/09/2569 06:35,0.74
คลองประเวศบุรีรมย์ (ปตร.ลาดกระบัง),30/09/2569 06:40,0.74
คลองประเวศบุรีรมย์ (ปตร.ลาดกระบัง),30/09/2569 06:45,0.74
คลองประเวศบุรีรมย์ (ปตร.ลาดกระบัง),30/09/2569 06:50,0.74
คลองประเวศบุรีรมย์ (ปตร.ลาดกระบัง),30/09/2569 06:55,0.74
คลองประเวศบุรีรมย์ (ปตร.ลาดกระบัง),30/09/2569 07:00,0.74
คลองประเวศบุรีรมย์ (ปตร.ลาดกระบัง),30/09/2569 07:05,0.74
คลองประเวศบุรีรมย์ (ปตร.ลาดกระบัง),30/09/2569 07:10,0.74
คลองประเวศบุรีรมย์ (ปตร.ลาดกระบัง),30/09/2569 07:15,0.74
คลองประเวศบุรีรมย์ (ปตร.ลาดกระบัง),30/09/2569 07:20,0.74
คลองประเวศบุรีรมย์ (ปตร.ลาดกระบัง),30/09/2569 07:25,0.74
คลองประเวศบุรีรมย์ (ปตร.ลาดกระบัง),30/09/2569 07:30,0.74
คลองประเวศบุรีรมย์ (ปตร.ลาดกระบัง),30/09/2569 07:35,0.74
คลองประเวศบุรีรมย์ (ปตร.ลาดกระบัง),30/09/2569 07:40,0.74
คลองประเวศบุรีรมย์ (ปตร.ลาดกระบัง),30/09/2569 07:45,0.74
คลองประเวศบุรีรมย์ (ปตร.ลาดกระบัง),30/09/2569 07:50,0.74
คลองประเวศบุรีรมย์ (ปตร.ลาดกระบัง),30/09/2569 07:55,0.74
คลองประเวศบุรีรมย์ (ปตร.ลาดกระบัง),30/09/2569 08:00,0.74
คลองประเวศบุรีรมย์ (ปตร.ลาดกระบัง),30/09/2569 08:05,0.74
คลองประเวศบุรีรมย์ (ปตร.ลาดกระบัง),30/09/2569 08:10,0.74
คลองประเวศบุรีรมย์ (ปตร.ลาดกระบัง),30/09/2569 08:15,0.74
คลองประเวศบุรีรมย์ (ปตร.ลาดกระบัง),30/09/2569 08:20,0.73
คลองประเวศบุรีรมย์ (ปตร.ลาดกระบัง),30/09/2569 08:25,0.74
คลองประเวศบุรีรมย์ (ปตร.ลาดกระบัง),30/09/2569 08:30,0.74
คลองประเวศบุรีรมย์ (ปตร.ลาดกระบัง),30/09/2569 08:35,0.73
คลองประเวศบุรีรมย์ (ปตร.ลาดกระบัง),30/09/2569 08:40,0.73
คลองประเวศบุรีรมย์ (ปตร.ลาดกระบัง),30/09/2569 08:45,0.73
คลองประเวศบุรีรมย์ (ปตร.ลาดกระบัง),30/09/2569 08:50,0.73
คลองประเวศบุรีรมย์ (ปตร.ลาดกระบัง),30/09/2569 08:55,0.73
คลองประเวศบุรีรมย์ (ปตร.ลาดกระบัง),30/09/2569 09:00,0.73
คลองประเวศบุรีรมย์ (ปตร.ลาดกระบัง),30/09/2569 09:05,0.73
คลองประเวศบุรีรมย์ (ปตร.ลาดกระบัง),30/09/2569 09:10,0.74
คลองประเวศบุรีรมย์ (ปตร.ลาดกระบัง),30/09/2569 09:15,0.73
คลองประเวศบุรีรมย์ (ปตร.ลาดกระบัง),30/09/2569 09:20,0.73
คลองประเวศบุรีรมย์ (ปตร.ลาดกระบัง),30/09/2569 09:25,0.73
คลองประเวศบุรีรมย์ (ปตร.ลาดกระบัง),30/09/2569 09:30,0.73
คลองประเวศบุรีรมย์ (ปตร.ลาดกระบัง),30/09/2569 09:35,0.73
คลองประเวศบุรีรมย์ (ปตร.ลาดกระบัง),30/09/2569 09:40,0.74
คลองประเวศบุรีรมย์ (ปตร.ลาดกระบัง),30/09/2569 09:45,0.73
คลองประเวศบุรีรมย์ (ปตร.ลาดกระบัง),30/09/2569 09:50,-
คลองประเวศบุรีรมย์ (ปตร.ลาดกระบัง),30/09/2569 09:55,0.73
คลองประเวศบุรีรมย์ (ปตร.ลาดกระบัง),30/09/2569 10:00,0.73
คลองประเวศบุรีรมย์ (ปตร.ลาดกระบัง),30/09/2569 10:05,0.73
คลองประเวศบุรีรมย์ (ปตร.ลาดกระบัง),30/09/2569 10:10,-
คลองประเวศบุรีรมย์ (ปตร.ลาดกระบัง),30/09/2569 10:15,0.73
คลองประเวศบุรีรมย์ (ปตร.ลาดกระบัง),30/09/2569 10:20,0.73
คลองประเวศบุรีรมย์ (ปตร.ลาดกระบัง),30/09/2569 10:25,0.73
คลองประเวศบุรีรมย์ (ปตร.ลาดกระบัง),30/09/2569 10:30,0.73
คลองประเวศบุรีรมย์ (ปตร.ลาดกระบัง),30/09/2569 10:35,0.73
คลองประเวศบุรีรมย์ (ปตร.ลาดกระบัง),30/09/2569 10:40,0.73
คลองประเวศบุรีรมย์ (ปตร.ลาดกระบัง),30/09/2569 10:45,0.73
คลองประเวศบุรีรมย์ (ปตร.ลาดกระบัง),30/09/2569 10:50,0.73
คลองประเวศบุรีรมย์ (ปตร.ลาดกระบัง),30/09/2569 10:55,0.73
คลองประเวศบุรีรมย์ (ปตร.ลาดกระบัง),30/09/2569 11:00,0.73
คลองประเวศบุรีรมย์ (ปตร.ลาดกระบัง),30/09/2569 11:05,0.73
คลองประเวศบุรีรมย์ (ปตร.ลาดกระบัง),30/09/2569 11:10,0.73
คลองประเวศบุรีรมย์ (ปตร.ลาดกระบัง),30/09/2569 11:15,0.73
คลองประเวศบุรีรมย์ (ปตร.ลาดกระบัง),30/09/2569 11:20,0.73
คลองประเวศบุรีรมย์ (ปตร.ลาดกระบัง),30/09/2569 11:25,0.73
คลองประเวศบุรีรมย์ (ปตร.ลาดกระบัง),30/09/2569 11:30,0.73
คลองประเวศบุรีรมย์ (ปตร.ลาดกระบัง),30/09/2569 11:35,0.72
คลองประเวศบุรีรมย์ (ปตร.ลาดกระบัง),30/09/2569 11:40,0.73
คลองประเวศบุรีรมย์ (ปตร.ลาดกระบัง),30/09/2569 11:45,0.73
คลองประเวศบุรีรมย์ (ปตร.ลาดกระบัง),30/09/2569 11:50,0.73
คลองประเวศบุรีรมย์ (ปตร.ลาดกระบัง),30/09/2569 11:55,0.73
คลองประเวศบุรีรมย์ (ปตร.ลาดกระบัง),30/09/2569 12:00,0.73
คลองประเวศบุรีรมย์ (ปตร.ลาดกระบัง),30/09/2569 12:05,0.73
คลองประเวศบุรีรมย์ (ปตร.ลาดกระบัง),30/09/2569 12:10,0.73
คลองประเวศบุรีรมย์ (ปตร.ลาดกระบัง),30/09/2569 12:15,0.73
คลองประเวศบุรีรมย์ (ปตร.ลาดกระบัง),30/09/2569 12:20,0.73
คลองประเวศบุรีรมย์ (ปตร.ลาดกระบัง),30/09/2569 12:25,0.73
คลองประเวศบุรีรมย์ (ปตร.ลาดกระบัง),30/09/2569 12:30,0.73
คลองประเวศบุรีรมย์ (ปตร.ลาดกระบัง),30/09/2569 12:35,0.73
คลองประเวศบุรีรมย์ (ปตร.ลาดกระบัง),30/09/2569 12:40,0.73
คลองประเวศบุรีรมย์ (ปตร.ลาดกระบัง),30/09/2569 12:45,0.73
คลองประเวศบุรีรมย์ (ปตร.ลาดกระบัง),30/09/2569 12:50,0.74
คลองประเวศบุรีรมย์ (ปตร.ลาดกระบัง),30/09/2569 12:55,0.74
คลองประเวศบุรีรมย์ (ปตร.ลาดกระบัง),30/09/2569 13:00,0.75
คลองประเวศบุรีรมย์ (ปตร.ลาดกระบัง),30/09/2569 13:05,0.75
คลองประเวศบุรีรมย์ (ปตร.ลาดกระบัง),30/09/2569 13:10,0.75
คลองประเวศบุรีรมย์ (ปตร.ลาดกระบัง),30/09/2569 13:15,0.75
คลองประเวศบุรีรมย์ (ปตร.ลาดกระบัง),30/09/2569 13:20,0.75
คลองประเวศบุรีรมย์ (ปตร.ลาดกระบัง),30/09/2569 13:25,0.75
คลองประเวศบุรีรมย์ (ปตร.ลาดกระบัง),30/09/2569 13:30,0.74
คลองประเวศบุรีรมย์ (ปตร.ลาดกระบัง),30/09/2569 13:35,0.74
คลองประเวศบุรีรมย์ (ปตร.ลาดกระบัง),30/09/2569 13:40,0.74
คลองประเวศบุรีรมย์ (ปตร.ลาดกระบัง),30/09/2569 13:45,0.74
คลองประเวศบุรีรมย์ (ปตร.ลาดกระบัง),30/09/2569 13:50,0.74
คลองประเวศบุรีรมย์ (ปตร.ลาดกระบัง),30/09/2569 13:55,0.74
คลองประเวศบุรีรมย์ (ปตร.ลาดกระบัง),30/09/2569 14:00,0.74
คลองประเวศบุรีรมย์ (ปตร.ลาดกระบัง),30/09/2569 14:05,0.74
คลองประเวศบุรีรมย์ (ปตร.ลาดกระบัง),30/09/2569 14:10,0.74
คลองประเวศบุรีรมย์ (ปตร.ลาดกระบัง),30/09/2569 14:15,0.74
คลองประเวศบุรีรมย์ (ปตร.ลาดกระบัง),30/09/2569 14:20,0.74
คลองประเวศบุรีรมย์ (ปตร.ลาดกระบัง),30/09/2569 14:25,0.74
คลองประเวศบุรีรมย์ (ปตร.ลาดกระบัง),30/09/2569 14:30,0.74
คลองประเวศบุรีรมย์ (ปตร.ลาดกระบัง),30/09/2569 14:35,0.74
คลองประเวศบุรีรมย์ (ปตร.ลาดกระบัง),30/09/2569 14:40,0.74
คลองประเวศบุรีรมย์ (ปตร.ลาดกระบัง),30/09/2569 14:45,0.74
คลองประเวศบุรีรมย์ (ปตร.ลาดกระบัง),30/09/2569 14:50,0.74
คลองประเวศบุรีรมย์ (ปตร.ลาดกระบัง),30/09/2569 14:55,0.74
คลองประเวศบุรีรมย์ (ปตร.ลาดกระบัง),30/09/2569 15:00,0.74
คลองประเวศบุรีรมย์ (ปตร.ลาดกระบัง),30/09/2569 15:05,0.74
คลองประเวศบุรีรมย์ (ปตร.ลาดกระบัง),30/09/2569 15:10,0.74
คลองประเวศบุรีรมย์ (ปตร.ลาดกระบัง),30/09/2569 15:15,0.74
คลองประเวศบุรีรมย์ (ปตร.ลาดกระบัง),30/09/2569 15:20,0.74
คลองประเวศบุรีรมย์ (ปตร.ลาดกระบัง),30/09/2569 15:25,0.74
คลองประเวศบุรีรมย์ (ปตร.ลาดกระบัง),30/09/2569 15:30,0.74
คลองประเวศบุรีรมย์ (ปตร.ลาดกระบัง),30/09/2569 15:35,0.74
คลองประเวศบุรีรมย์ (ปตร.ลาดกระบัง),30/09/2569 15:40,0.74
คลองประเวศบุรีรมย์ (ปตร.ลาดกระบัง),30/09/2569 15:45,-
คลองประเวศบุรีรมย์ (ปตร.ลาดกระบัง),30/09/2569 15:50,0.74
คลองประเวศบุรีรมย์ (ปตร.ลาดกระบัง),30/09/2569 15:55,0.74
คลองประเวศบุรีรมย์ (ปตร.ลาดกระบัง),30/09/2569 16:00,0.74
คลองประเวศบุรีรมย์ (ปตร.ลาดกระบัง),30/09/2569 16:05,0.74
คลองประเวศบุรีรมย์ (ปตร.ลาดกระบัง),30/09/2569 16:10,-
คลองประเวศบุรีรมย์ (ปตร.ลาดกระบัง),30/09/2569 16:15,0.73
คลองประเวศบุรีรมย์ (ปตร.ลาดกระบัง),30/09/2569 16:20,0.74
คลองประเวศบุรีรมย์ (ปตร.ลาดกระบัง),30/09/2569 16:25,0.73
คลองประเวศบุรีรมย์ (ปตร.ลาดกระบัง),30/09/2569 16:30,0.74
คลองประเวศบุรีรมย์ (ปตร.ลาดกระบัง),30/09/2569 16:35,0.74
คลองประเวศบุรีรมย์ (ปตร.ลาดกระบัง),30/09/2569 16:40,0.73
คลองประเวศบุรีรมย์ (ปตร.ลาดกระบัง),30/09/2569 16:45,0.73
คลองประเวศบุรีรมย์ (ปตร.ลาดกระบัง),30/09/2569 16:50,0.73
คลองประเวศบุรีรมย์ (ปตร.ลาดกระบัง),30/09/2569 16:55,0.74
คลองประเวศบุรีรมย์ (ปตร.ลาดกระบัง),30/09/2569 17:00,0.73
คลองประเวศบุรีรมย์ (ปตร.ลาดกระบัง),30/09/2569 17:05,0.73
คลองประเวศบุรีรมย์ (ปตร.ลาดกระบัง),30/09/2569 17:10,0.73
คลองประเวศบุรีรมย์ (ปตร.ลาดกระบัง),30/09/2569 17:15,0.73
คลองประเวศบุรีรมย์ (ปตร.ลาดกระบัง),30/09/2569 17:20,-
คลองประเวศบุรีรมย์ (ปตร.ลาดกระบัง),30/09/2569 17:25,0.73
คลองประเวศบุรีรมย์ (ปตร.ลาดกระบัง),30/09/2569 17:30,0.73
คลองประเวศบุรีรมย์ (ปตร.ลาดกระบัง),30/09/2569 17:35,0.73
คลองประเวศบุรีรมย์ (ปตร.ลาดกระบัง),30/09/2569 17:40,0.73
คลองประเวศบุรีรมย์ (ปตร.ลาดกระบัง),30/09/2569 17:45,0.73
คลองประเวศบุรีรมย์ (ปตร.ลาดกระบัง),30/09/2569 17:50,-
คลองประเวศบุรีรมย์ (ปตร.ลาดกระบัง),30/09/2569 17:55,0.73
คลองประเวศบุรีรมย์ (ปตร.ลาดกระบัง),30/09/2569 18:00,0.73
คลองประเวศบุรีรมย์ (ปตร.ลาดกระบัง),30/09/2569 18:05,0.73
คลองประเวศบุรีรมย์ (ปตร.ลาดกระบัง),30/09/2569 18:10,0.73
คลองประเวศบุรีรมย์ (ปตร.ลาดกระบัง),30/09/2569 18:15,0.73
คลองประเวศบุรีรมย์ (ปตร.ลาดกระบัง),30/09/2569 18:20,-
คลองประเวศบุรีรมย์ (ปตร.ลาดกระบัง),30/09/2569 18:25,-
คลองประเวศบุรีรมย์ (ปตร.ลาดกระบัง),30/09/2569 18:30,0.73
คลองประเวศบุรีรมย์ (ปตร.ลาดกระบัง),30/09/2569 18:35,0.73
คลองประเวศบุรีรมย์ (ปตร.ลาดกระบัง),30/09/2569 18:40,0.73
คลองประเวศบุรีรมย์ (ปตร.ลาดกระบัง),30/09/2569 18:45,0.73
คลองประเวศบุรีรมย์ (ปตร.ลาดกระบัง),30/09/2569 18:50,0.73
คลองประเวศบุรีรมย์ (ปตร.ลาดกระบัง),30/09/2569 18:55,0.73
คลองประเวศบุรีรมย์ (ปตร.ลาดกระบัง),30/09/2569 19:00,0.73
คลองประเวศบุรีรมย์ (ปตร.ลาดกระบัง),30/09/2569 19:05,0.73
คลองประเวศบุรีรมย์ (ปตร.ลาดกระบัง),30/09/2569 19:10,0.73
คลองประเวศบุรีรมย์ (ปตร.ลาดกระบัง),30/09/2569 19:15,0.73
คลองประเวศบุรีรมย์ (ปตร.ลาดกระบัง),30/09/2569 19:20,0.73
คลองประเวศบุรีรมย์ (ปตร.ลาดกระบัง),30/09/2569 19:25,0.73
คลองประเวศบุรีรมย์ (ปตร.ลาดกระบัง),30/09/2569 19:30,0.73
คลองประเวศบุรีรมย์ (ปตร.ลาดกระบัง),30/09/2569 19:35,0.73
คลองประเวศบุรีรมย์ (ปตร.ลาดกระบัง),30/09/2569 19:40,0.72
คลองประเวศบุรีรมย์ (ปตร.ลาดกระบัง),30/09/2569 19:45,0.72
คลองประเวศบุรีรมย์ (ปตร.ลาดกระบัง),30/09/2569 19:50,0.73
คลองประเวศบุรีรมย์ (ปตร.ลาดกระบัง),30/09/2569 19:55,0.73
คลองประเวศบุรีรมย์ (ปตร.ลาดกระบัง),30/09/2569 20:00,0.73
คลองประเวศบุรีรมย์ (ปตร.ลาดกระบัง),30/09/2569 20:05,0.72
คลองประเวศบุรีรมย์ (ปตร.ลาดกระบัง),30/09/2569 20:10,0.73
คลองประเวศบุรีรมย์ (ปตร.ลาดกระบัง),30/09/2569 20:15,0.73
คลองประเวศบุรีรมย์ (ปตร.ลาดกระบัง),30/09/2569 20:20,0.73
คลองประเวศบุรีรมย์ (ปตร.ลาดกระบัง),30/09/2569 20:25,0.73
คลองประเวศบุรีรมย์ (ปตร.ลาดกระบัง),30/09/2569 20:30,-
คลองประเวศบุรีรมย์ (ปตร.ลาดกระบัง),30/09/2569 20:35,0.73
คลองประเวศบุรีรมย์ (ปตร.ลาดกระบัง),30/09/2569 20:40,0.73
คลองประเวศบุรีรมย์ (ปตร.ลาดกระบัง),30/09/2569 20:45,0.73
คลองประเวศบุรีรมย์ (ปตร.ลาดกระบัง),30/09/2569 20:50,0.73
คลองประเวศบุรีรมย์ (ปตร.ลาดกระบัง),30/09/2569 20:55,0.73
คลองประเวศบุรีรมย์ (ปตร.ลาดกระบัง),30/09/2569 21:00,0.73
คลองประเวศบุรีรมย์ (ปตร.ลาดกระบัง),30/09/2569 21:05,0.73
คลองประเวศบุรีรมย์ (ปตร.ลาดกระบัง),30/09/2569 21:10,0.73
คลองประเวศบุรีรมย์ (ปตร.ลาดกระบัง),30/09/2569 21:15,0.73
คลองประเวศบุรีรมย์ (ปตร.ลาดกระบัง),30/09/2569 21:20,0.73
คลองประเวศบุรีรมย์ (ปตร.ลาดกระบัง),30/09/2569 21:25,0.73
คลองประเวศบุรีรมย์ (ปตร.ลาดกระบัง),30/09/2569 21:30,0.73
คลองประเวศบุรีรมย์ (ปตร.ลาดกระบัง),30/09/2569 21:35,-
คลองประเวศบุรีรมย์ (ปตร.ลาดกระบัง),30/09/2569 21:40,0.73
คลองประเวศบุรีรมย์ (ปตร.ลาดกระบัง),30/09/2569 21:45,0.73
คลองประเวศบุรีรมย์ (ปตร.ลาดกระบัง),30/09/2569 21:50,0.73
คลองประเวศบุรีรมย์ (ปตร.ลาดกระบัง),30/09/2569 21:55,0.73
คลองประเวศบุรีรมย์ (ปตร.ลาดกระบัง),30/09/2569 22:00,0.73
คลองประเวศบุรีรมย์ (ปตร.ลาดกระบัง),30/09/2569 22:05,0.73
คลองประเวศบุรีรมย์ (ปตร.ลาดกระบัง),30/09/2569 22:10,0.73
คลองประเวศบุรีรมย์ (ปตร.ลาดกระบัง),30/09/2569 22:15,0.73
คลองประเวศบุรีรมย์ (ปตร.ลาดกระบัง),30/09/2569 22:20,0.73
คลองประเวศบุรีรมย์ (ปตร.ลาดกระบัง),30/09/2569 22:25,0.72
คลองประเวศบุรีรมย์ (ปตร.ลาดกระบัง),30/09/2569 22:30,0.73
คลองประเวศบุรีรมย์ (ปตร.ลาดกระบัง),30/09/2569 22:35,0.73
คลองประเวศบุรีรมย์ (ปตร.ลาดกระบัง),30/09/2569 22:40,0.73
คลองประเวศบุรีรมย์ (ปตร.ลาดกระบัง),30/09/2569 22:45,0.73
คลองประเวศบุรีรมย์ (ปตร.ลาดกระบัง),30/09/2569 22:50,0.73
คลองประเวศบุรีรมย์ (ปตร.ลาดกระบัง),30/09/2569 22:55,0.73
คลองประเวศบุรีรมย์ (ปตร.ลาดกระบัง),30/09/2569 23:00,0.72
คลองประเวศบุรีรมย์ (ปตร.ลาดกระบัง),30/09/2569 23:05,0.73
คลองประเวศบุรีรมย์ (ปตร.ลาดกระบัง),30/09/2569 23:10,0.72
คลองประเวศบุรีรมย์ (ปตร.ลาดกระบัง),30/09/2569 23:15,0.73
คลองประเวศบุรีรมย์ (ปตร.ลาดกระบัง),30/09/2569 23:20,0.73
คลองประเวศบุรีรมย์ (ปตร.ลาดกระบัง),30/09/2569 23:25,0.73
คลองประเวศบุรีรมย์ (ปตร.ลาดกระบัง),30/09/2569 23:30,0.72
คลองประเวศบุรีรมย์ (ปตร.ลาดกระบัง),30/09/2569 23:35,0.73
คลองประเวศบุรีรมย์ (ปตร.ลาดกระบัง),30/09/2569 23:40,0.72
คลองประเวศบุรีรมย์ (ปตร.ลาดกระบัง),30/09/2569 23:45,0.72
คลองประเวศบุรีรมย์ (ปตร.ลาดกระบัง),30/09/2569 23:50,0.72
คลองประเวศบุรีรมย์ (ปตร.ลาดกระบัง),30/09/2569 23:55,0.73
คลองประเวศบุรีรมย์ (ปตร.ลาดกระบัง),01/10/2569 00:00,0.73
คลองประเวศบุรีรมย์ (ปตร.ลาดกระบัง),01/10/2569 00:05,0.73
คลองประเวศบุรีรมย์ (ปตร.ลาดกระบัง),01/10/2569 00:10,0.72
คลองประเวศบุรีรมย์ (ปตร.ลาดกระบัง),01/10/2569 00:15,0.73
คลองประเวศบุรีรมย์ (ปตร.ลาดกระบัง),01/10/2569 00:20,0.73
คลองประเวศบุรีรมย์ (ปตร.ลาดกระบัง),01/10/2569 00:25,0.73
คลองประเวศบุรีรมย์ (ปตร.ลาดกระบัง),01/10/2569 00:30,0.72
คลองประเวศบุรีรมย์ (ปตร.ลาดกระบัง),01/10/2569 00:35,0.72
คลองประเวศบุรีรมย์ (ปตร.ลาดกระบัง),01/10/2569 00:40,0.72
คลองประเวศบุรีรมย์ (ปตร.ลาดกระบัง),01/10/2569 00:45,0.72
คลองประเวศบุรีรมย์ (ปตร.ลาดกระบัง),01/10/2569 00:50,0.72
คลองประเวศบุรีรมย์ (ปตร.ลาดกระบัง),01/10/2569 00:55,0.72
คลองประเวศบุรีรมย์ (ปตร.ลาดกระบัง),01/10/2569 01:00,0.72
คลองประเวศบุรีรมย์ (ปตร.ลาดกระบัง),01/10/2569 01:05,0.72
คลองประเวศบุรีรมย์ (ปตร.ลาดกระบัง),01/10/2569 01:10,0.72
คลองประเวศบุรีรมย์ (ปตร.ลาดกระบัง),01/10/2569 01:15,0.72
คลองประเวศบุรีรมย์ (ปตร.ลาดกระบัง),01/10/2569 01:20,0.72
คลองประเวศบุรีรมย์ (ปตร.ลาดกระบัง),01/10/2569 01:25,0.72
คลองประเวศบุรีรมย์ (ปตร.ลาดกระบัง),01/10/2569 01:30,0.72
คลองประเวศบุรีรมย์ (ปตร.ลาดกระบัง),01/10/2569 01:35,0.72
คลองประเวศบุรีรมย์ (ปตร.ลาดกระบัง),01/10/2569 01:40,0.72
คลองประเวศบุรีรมย์ (ปตร.ลาดกระบัง),01/10/2569 01:45,0.72
คลองประเวศบุรีรมย์ (ปตร.ลาดกระบัง),01/10/2569 01:50,0.73
คลองประเวศบุรีรมย์ (ปตร.ลาดกระบัง),01/10/2569 01:55,0.72
คลองประเวศบุรีรมย์ (ปตร.ลาดกระบัง),01/10/2569 02:00,0.72
คลองประเวศบุรีรมย์ (ปตร.ลาดกระบัง),01/10/2569 02:05,0.72
คลองประเวศบุรีรมย์ (ปตร.ลาดกระบัง),01/10/2569 02:10,0.72
คลองประเวศบุรีรมย์ (ปตร.ลาดกระบัง),01/10/2569 02:15,0.72
คลองประเวศบุรีรมย์ (ปตร.ลาดกระบัง),01/10/2569 02:20,0.72
คลองประเวศบุรีรมย์ (ปตร.ลาดกระบัง),01/10/2569 02:25,0.72
คลองประเวศบุรีรมย์ (ปตร.ลาดกระบัง),01/10/2569 02:30,0.72
คลองประเวศบุรีรมย์ (ปตร.ลาดกระบัง),01/10/2569 02:35,0.72
คลองประเวศบุรีรมย์ (ปตร.ลาดกระบัง),01/10/2569 02:40,0.72
คลองประเวศบุรีรมย์ (ปตร.ลาดกระบัง),01/10/2569 02:45,0.72
คลองประเวศบุรีรมย์ (ปตร.ลาดกระบัง),01/10/2569 02:50,0.72
คลองประเวศบุรีรมย์ (ปตร.ลาดกระบัง),01/10/2569 02:55,0.72
คลองประเวศบุรีรมย์ (ปตร.ลาดกระบัง),01/10/2569 03:00,0.72
คลองประเวศบุรีรมย์ (ปตร.ลาดกระบัง),01/10/2569 03:05,0.72
คลองประเวศบุรีรมย์ (ปตร.ลาดกระบัง),01/10/2569 03:10,0.72
คลองประเวศบุรีรมย์ (ปตร.ลาดกระบัง),01/10/2569 03:15,0.72
คลองประเวศบุรีรมย์ (ปตร.ลาดกระบัง),01/10/2569 03:20,0.72
คลองประเวศบุรีรมย์ (ปตร.ลาดกระบัง),01/10/2569 03:25,0.72
คลองประเวศบุรีรมย์ (ปตร.ลาดกระบัง),01/10/2569 03:30,0.72
คลองประเวศบุรีรมย์ (ปตร.ลาดกระบัง),01/10/2569 03:35,0.72
คลองประเวศบุรีรมย์ (ปตร.ลาดกระบัง),01/10/2569 03:40,0.72
คลองประเวศบุรีรมย์ (ปตร.ลาดกระบัง),01/10/2569 03:45,0.71
คลองประเวศบุรีรมย์ (ปตร.ลาดกระบัง),01/10/2569 03:50,0.72
คลองประเวศบุรีรมย์ (ปตร.ลาดกระบัง),01/10/2569 03:55,0.72
คลองประเวศบุรีรมย์ (ปตร.ลาดกระบัง),01/10/2569 04:00,0.71
คลองประเวศบุรีรมย์ (ปตร.ลาดกระบัง),01/10/2569 04:05,0.72
คลองประเวศบุรีรมย์ (ปตร.ลาดกระบัง),01/10/2569 04:10,0.72
คลองประเวศบุรีรมย์ (ปตร.ลาดกระบัง),01/10/2569 04:15,0.72
คลองประเวศบุรีรมย์ (ปตร.ลาดกระบัง),01/10/2569 04:20,0.71
คลองประเวศบุรีรมย์ (ปตร.ลาดกระบัง),01/10/2569 04:25,0.72
คลองประเวศบุรีรมย์ (ปตร.ลาดกระบัง),01/10/2569 04:30,0.72
คลองประเวศบุรีรมย์ (ปตร.ลาดกระบัง),01/10/2569 04:35,0.72
คลองประเวศบุรีรมย์ (ปตร.ลาดกระบัง),01/10/2569 04:40,0.72
คลองประเวศบุรีรมย์ (ปตร.ลาดกระบัง),01/10/2569 04:45,0.71
คลองประเวศบุรีรมย์ (ปตร.ลาดกระบัง),01/10/2569 04:50,0.71
คลองประเวศบุรีรมย์ (ปตร.ลาดกระบัง),01/10/2569 04:55,0.71
คลองประเวศบุรีรมย์ (ปตร.ลาดกระบัง),01/10/2569 05:00,0.71
คลองประเวศบุรีรมย์ (ปตร.ลาดกระบัง),01/10/2569 05:05,0.72
คลองประเวศบุรีรมย์ (ปตร.ลาดกระบัง),01/10/2569 05:10,0.71
คลองประเวศบุรีรมย์ (ปตร.ลาดกระบัง),01/10/2569 05:15,0.71
คลองประเวศบุรีรมย์ (ปตร.ลาดกระบัง),01/10/2569 05:20,0.71
คลองประเวศบุรีรมย์ (ปตร.ลาดกระบัง),01/10/2569 05:25,0.71
คลองประเวศบุรีรมย์ (ปตร.ลาดกระบัง),01/10/2569 05:30,0.71
คลองประเวศบุรีรมย์ (ปตร.ลาดกระบัง),01/10/2569 05:35,0.71
คลองประเวศบุรีรมย์ (ปตร.ลาดกระบัง),01/10/2569 05:40,0.71
คลองประเวศบุรีรมย์ (ปตร.ลาดกระบัง),01/10/2569 05:45,0.71
คลองประเวศบุรีรมย์ (ปตร.ลาดกระบัง),01/10/2569 05:50,0.71
คลองประเวศบุรีรมย์ (ปตร.ลาดกระบัง),01/10/2569 05:55,0.71
คลองประเวศบุรีรมย์ (ปตร.ลาดกระบัง),01/10/2569 06:00,0.71
คลองประเวศบุรีรมย์ (ปตร.ลาดกระบัง),01/10/2569 06:05,0.71
คลองประเวศบุรีรมย์ (ปตร.ลาดกระบัง),01/10/2569 06:10,0.72
คลองประเวศบุรีรมย์ (ปตร.ลาดกระบัง),01/10/2569 06:15,0.71
คลองประเวศบุรีรมย์ (ปตร.ลาดกระบัง),01/10/2569 06:20,0.72
คลองประเวศบุรีรมย์ (ปตร.ลาดกระบัง),01/10/2569 06:25,0.71
คลองประเวศบุรีรมย์ (ปตร.ลาดกระบัง),01/10/2569 06:30,0.72
คลองประเวศบุรีรมย์ (ปตร.ลาดกระบัง),01/10/2569 06:35,0.72
คลองประเวศบุรีรมย์ (ปตร.ลาดกระบัง),01/10/2569 06:40,0.72
คลองประเวศบุรีรมย์ (ปตร.ลาดกระบัง),01/10/2569 06:45,0.71
คลองประเวศบุรีรมย์ (ปตร.ลาดกระบัง),01/10/2569 06:50,0.72
คลองประเวศบุรีรมย์ (ปตร.ลาดกระบัง),01/10/2569 06:55,0.72
คลองประเวศบุรีรมย์ (ปตร.ลาดกระบัง),01/10/2569 07:00,0.72
คลองประเวศบุรีรมย์ (ปตร.ลาดกระบัง),01/10/2569 07:05,0.72
คลองประเวศบุรีรมย์ (ปตร.ลาดกระบัง),01/10/2569 07:10,0.72
คลองประเวศบุรีรมย์ (ปตร.ลาดกระบัง),01/10/2569 07:15,0.72
คลองประเวศบุรีรมย์ (ปตร.ลาดกระบัง),01/10/2569 07:20,0.72
คลองประเวศบุรีรมย์ (ปตร.ลาดกระบัง),01/10/2569 07:25,0.72
คลองประเวศบุรีรมย์ (ปตร.ลาดกระบัง),01/10/2569 07:30,0.71
คลองประเวศบุรีรมย์ (ปตร.ลาดกระบัง),01/10/2569 07:35,0.72
คลองประเวศบุรีรมย์ (ปตร.ลาดกระบัง),01/10/2569 07:40,0.72
คลองประเวศบุรีรมย์ (ปตร.ลาดกระบัง),01/10/2569 07:45,0.72
คลองประเวศบุรีรมย์ (ปตร.ลาดกระบัง),01/10/2569 07:50,0.72
คลองประเวศบุรีรมย์ (ปตร.ลาดกระบัง),01/10/2569 07:55,0.72
คลองประเวศบุรีรมย์ (ปตร.ลาดกระบัง),01/10/2569 08:00,0.72
คลองประเวศบุรีรมย์ (ปตร.ลาดกระบัง),01/10/2569 08:05,0.72
คลองประเวศบุรีรมย์ (ปตร.ลาดกระบัง),01/10/2569 08:10,0.72
คลองประเวศบุรีรมย์ (ปตร.ลาดกระบัง),01/10/2569 08:15,0.72
คลองประเวศบุรีรมย์ (ปตร.ลาดกระบัง),01/10/2569 08:20,0.72
คลองประเวศบุรีรมย์ (ปตร.ลาดกระบัง),01/10/2569 08:25,0.72
คลองประเวศบุรีรมย์ (ปตร.ลาดกระบัง),01/10/2569 08:30,0.72
คลองประเวศบุรีรมย์ (ปตร.ลาดกระบัง),01/10/2569 08:35,0.71
คลองประเวศบุรีรมย์ (ปตร.ลาดกระบัง),01/10/2569 08:40,0.72
คลองประเวศบุรีรมย์ (ปตร.ลาดกระบัง),01/10/2569 08:45,0.72
คลองประเวศบุรีรมย์ (ปตร.ลาดกระบัง),01/10/2569 08:50,0.72
คลองประเวศบุรีรมย์ (ปตร.ลาดกระบัง),01/10/2569 08:55,0.71
คลองประเวศบุรีรมย์ (ปตร.ลาดกระบัง),01/10/2569 09:00,0.71
คลองประเวศบุรีรมย์ (ปตร.ลาดกระบัง),01/10/2569 09:05,0.72
คลองประเวศบุรีรมย์ (ปตร.ลาดกระบัง),01/10/2569 09:10,0.71
คลองประเวศบุรีรมย์ (ปตร.ลาดกระบัง),01/10/2569 09:15,0.72
คลองประเวศบุรีรมย์ (ปตร.ลาดกระบัง),01/10/2569 09:20,0.71
คลองประเวศบุรีรมย์ (ปตร.ลาดกระบัง),01/10/2569 09:25,0.72
คลองประเวศบุรีรมย์ (ปตร.ลาดกระบัง),01/10/2569 09:30,0.71
คลองประเวศบุรีรมย์ (ปตร.ลาดกระบัง),01/10/2569 09:35,0.71
คลองประเวศบุรีรมย์ (ปตร.ลาดกระบัง),01/10/2569 09:40,0.71
คลองประเวศบุรีรมย์ (ปตร.ลาดกระบัง),01/10/2569 09:45,0.71
คลองประเวศบุรีรมย์ (ปตร.ลาดกระบัง),01/10/2569 09:50,0.71
คลองประเวศบุรีรมย์ (ปตร.ลาดกระบัง),01/10/2569 09:55,0.71
คลองประเวศบุรีรมย์ (ปตร.ลาดกระบัง),01/10/2569 10:00,0.72
คลองประเวศบุรีรมย์ (ปตร.ลาดกระบัง),01/10/2569 10:05,0.71
คลองประเวศบุรีรมย์ (ปตร.ลาดกระบัง),01/10/2569 10:10,0.72
คลองประเวศบุรีรมย์ (ปตร.ลาดกระบัง),01/10/2569 10:15,0.72
คลองประเวศบุรีรมย์ (ปตร.ลาดกระบัง),01/10/2569 10:20,0.72
คลองประเวศบุรีรมย์ (ปตร.ลาดกระบัง),01/10/2569 10:25,0.72
คลองประเวศบุรีรมย์ (ปตร.ลาดกระบัง),01/10/2569 10:30,0.72
คลองประเวศบุรีรมย์ (ปตร.ลาดกระบัง),01/10/2569 10:35,0.72
คลองประเวศบุรีรมย์ (ปตร.ลาดกระบัง),01/10/2569 10:40,0.72
คลองประเวศบุรีรมย์ (ปตร.ลาดกระบัง),01/10/2569 10:45,0.72
คลองประเวศบุรีรมย์ (ปตร.ลาดกระบัง),01/10/2569 10:50,0.72
คลองประเวศบุรีรมย์ (ปตร.ลาดกระบัง),01/10/2569 10:55,0.72
คลองประเวศบุรีรมย์ (ปตร.ลาดกระบัง),01/10/2569 11:00,0.72
คลองประเวศบุรีรมย์ (ปตร.ลาดกระบัง),01/10/2569 11:05,0.71
คลองประเวศบุรีรมย์ (ปตร.ลาดกระบัง),01/10/2569 11:10,0.72
คลองประเวศบุรีรมย์ (ปตร.ลาดกระบัง),01/10/2569 11:15,0.72
คลองประเวศบุรีรมย์ (ปตร.ลาดกระบัง),01/10/2569 11:20,0.72
คลองประเวศบุรีรมย์ (ปตร.ลาดกระบัง),01/10/2569 11:25,0.72
คลองประเวศบุรีรมย์ (ปตร.ลาดกระบัง),01/10/2569 11:30,0.72
คลองประเวศบุรีรมย์ (ปตร.ลาดกระบัง),01/10/2569 11:35,0.73
คลองประเวศบุรีรมย์ (ปตร.ลาดกระบัง),01/10/2569 11:40,0.72
คลองประเวศบุรีรมย์ (ปตร.ลาดกระบัง),01/10/2569 11:45,0.72
คลองประเวศบุรีรมย์ (ปตร.ลาดกระบัง),01/10/2569 11:50,0.73
คลองประเวศบุรีรมย์ (ปตร.ลาดกระบัง),01/10/2569 11:55,0.73
คลองประเวศบุรีรมย์ (ปตร.ลาดกระบัง),01/10/2569 12:00,0.73
คลองประเวศบุรีรมย์ (ปตร.ลาดกระบัง),01/10/2569 12:05,0.73
คลองประเวศบุรีรมย์ (ปตร.ลาดกระบัง),01/10/2569 12:10,0.73
คลองประเวศบุรีรมย์ (ปตร.ลาดกระบัง),01/10/2569 12:15,0.73
คลองประเวศบุรีรมย์ (ปตร.ลาดกระบัง),01/10/2569 12:20,0.73
คลองประเวศบุรีรมย์ (ปตร.ลาดกระบัง),01/10/2569 12:25,0.73
คลองประเวศบุรีรมย์ (ปตร.ลาดกระบัง),01/10/2569 12:30,0.73
คลองประเวศบุรีรมย์ (ปตร.ลาดกระบัง),01/10/2569 12:35,0.73
คลองประเวศบุรีรมย์ (ปตร.ลาดกระบัง),01/10/2569 12:40,0.73
คลองประเวศบุรีรมย์ (ปตร.ลาดกระบัง),01/10/2569 12:45,0.73
คลองประเวศบุรีรมย์ (ปตร.ลาดกระบัง),01/10/2569 12:50,0.73
คลองประเวศบุรีรมย์ (ปตร.ลาดกระบัง),01/10/2569 12:55,0.73
คลองประเวศบุรีรมย์ (ปตร.ลาดกระบัง),01/10/2569 13:00,0.73
คลองประเวศบุรีรมย์ (ปตร.ลาดกระบัง),01/10/2569 13:05,0.73
คลองประเวศบุรีรมย์ (ปตร.ลาดกระบัง),01/10/2569 13:10,0.73
คลองประเวศบุรีรมย์ (ปตร.ลาดกระบัง),01/10/2569 13:15,0.73
คลองประเวศบุรีรมย์ (ปตร.ลาดกระบัง),01/10/2569 13:20,0.73
คลองประเวศบุรีรมย์ (ปตร.ลาดกระบัง),01/10/2569 13:25,0.73
คลองประเวศบุรีรมย์ (ปตร.ลาดกระบัง),01/10/2569 13:30,0.73
คลองประเวศบุรีรมย์ (ปตร.ลาดกระบัง),01/10/2569 13:35,0.73
คลองประเวศบุรีรมย์ (ปตร.ลาดกระบัง),01/10/2569 13:40,0.73
คลองประเวศบุรีรมย์ (ปตร.ลาดกระบัง),01/10/2569 13:45,0.73
คลองประเวศบุรีรมย์ (ปตร.ลาดกระบัง),01/10/2569 13:50,0.72
คลองประเวศบุรีรมย์ (ปตร.ลาดกระบัง),01/10/2569 13:55,0.72
คลองประเวศบุรีรมย์ (ปตร.ลาดกระบัง),01/10/2569 14:00,0.73
คลองประเวศบุรีรมย์ (ปตร.ลาดกระบัง),01/10/2569 14:05,0.73
คลองประเวศบุรีรมย์ (ปตร.ลาดกระบัง),01/10/2569 14:10,0.73
คลองประเวศบุรีรมย์ (ปตร.ลาดกระบัง),01/10/2569 14:15,0.72
คลองประเวศบุรีรมย์ (ปตร.ลาดกระบัง),01/10/2569 14:20,0.72
คลองประเวศบุรีรมย์ (ปตร.ลาดกระบัง),01/10/2569 14:25,0.73
คลองประเวศบุรีรมย์ (ปตร.ลาดกระบัง),01/10/2569 14:30,0.73
คลองประเวศบุรีรมย์ (ปตร.ลาดกระบัง),01/10/2569 14:35,0.72
คลองประเวศบุรีรมย์ (ปตร.ลาดกระบัง),01/10/2569 14:40,0.72
คลองประเวศบุรีรมย์ (ปตร.ลาดกระบัง),01/10/2569 14:45,0.73
คลองประเวศบุรีรมย์ (ปตร.ลาดกระบัง),01/10/2569 14:50,0.73
คลองประเวศบุรีรมย์ (ปตร.ลาดกระบัง),01/10/2569 14:55,0.72
คลองประเวศบุรีรมย์ (ปตร.ลาดกระบัง),01/10/2569 15:00,0.73
คลองประเวศบุรีรมย์ (ปตร.ลาดกระบัง),01/10/2569 15:05,0.73
คลองประเวศบุรีรมย์ (ปตร.ลาดกระบัง),01/10/2569 15:10,0.72
คลองประเวศบุรีรมย์ (ปตร.ลาดกระบัง),01/10/2569 15:15,0.73
คลองประเวศบุรีรมย์ (ปตร.ลาดกระบัง),01/10/2569 15:20,0.73
คลองประเวศบุรีรมย์ (ปตร.ลาดกระบัง),01/10/2569 15:25,0.72
คลองประเวศบุรีรมย์ (ปตร.ลาดกระบัง),01/10/2569 15:30,0.73
คลองประเวศบุรีรมย์ (ปตร.ลาดกระบัง),01/10/2569 15:35,0.73
คลองประเวศบุรีรมย์ (ปตร.ลาดกระบัง),01/10/2569 15:40,0.72
คลองประเวศบุรีรมย์ (ปตร.ลาดกระบัง),01/10/2569 15:45,0.73
คลองประเวศบุรีรมย์ (ปตร.ลาดกระบัง),01/10/2569 15:50,0.73
คลองประเวศบุรีรมย์ (ปตร.ลาดกระบัง),01/10/2569 15:55,0.73
คลองประเวศบุรีรมย์ (ปตร.ลาดกระบัง),01/10/2569 16:00,0.73
คลองประเวศบุรีรมย์ (ปตร.ลาดกระบัง),01/10/2569 16:05,0.72
คลองประเวศบุรีรมย์ (ปตร.ลาดกระบัง),01/10/2569 16:10,0.72
คลองประเวศบุรีรมย์ (ปตร.ลาดกระบัง),01/10/2569 16:15,0.72
คลองประเวศบุรีรมย์ (ปตร.ลาดกระบัง),01/10/2569 16:20,0.72
คลองประเวศบุรีรมย์ (ปตร.ลาดกระบัง),01/10/2569 16:25,0.73
คลองประเวศบุรีรมย์ (ปตร.ลาดกระบัง),01/10/2569 16:30,0.73
คลองประเวศบุรีรมย์ (ปตร.ลาดกระบัง),01/10/2569 16:35,0.73
คลองประเวศบุรีรมย์ (ปตร.ลาดกระบัง),01/10/2569 16:40,0.73
คลองประเวศบุรีรมย์ (ปตร.ลาดกระบัง),01/10/2569 16:45,0.73
คลองประเวศบุรีรมย์ (ปตร.ลาดกระบัง),01/10/2569 16:50,0.73
คลองประเวศบุรีรมย์ (ปตร.ลาดกระบัง),01/10/2569 16:55,0.73
คลองสองต้นนุ่น,01/10/2569 17:00,-
คลองสองต้นนุ่น (มอเตอร์เวย์),01/10/2569 17:00,0.87
คลองประเวศบุรีรมย์ (ปตร.ลาดกระบัง),01/10/2569 17:00,0.73
คลองสองต้นนุ่น,01/10/2569 17:05,0.80
คลองสองต้นนุ่น,01/10/2569 17:10,0.80
คลองสองต้นนุ่น (มอเตอร์เวย์),01/10/2569 17:05,0.87
คลองสองต้นนุ่น (มอเตอร์เวย์),01/10/2569 17:10,0.87
คลองประเวศบุรีรมย์ (ปตร.ลาดกระบัง),01/10/2569 17:05,0.73
คลองประเวศบุรีรมย์ (ปตร.ลาดกระบัง),01/10/2569 17:10,0.73
คลองสองต้นนุ่น,01/10/2569 17:15,0.80
คลองสองต้นนุ่น,01/10/2569 17:20,-
คลองสองต้นนุ่น (มอเตอร์เวย์),01/10/2569 17:15,0.87
คลองสองต้นนุ่น (มอเตอร์เวย์),01/10/2569 17:20,-
คลองประเวศบุรีรมย์ (ปตร.ลาดกระบัง),01/10/2569 17:15,0.73
คลองประเวศบุรีรมย์ (ปตร.ลาดกระบัง),01/10/2569 17:20,-
คลองสองต้นนุ่น,01/10/2569 17:25,0.80
คลองสองต้นนุ่น,01/10/2569 17:30,-
คลองสองต้นนุ่น (มอเตอร์เวย์),01/10/2569 17:25,0.87
คลองสองต้นนุ่น (มอเตอร์เวย์),01/10/2569 17:30,-
คลองประเวศบุรีรมย์ (ปตร.ลาดกระบัง),01/10/2569 17:25,0.73
คลองประเวศบุรีรมย์ (ปตร.ลาดกระบัง),01/10/2569 17:30,-
คลองสองต้นนุ่น,01/10/2569 17:35,0.80
คลองสองต้นนุ่น,01/10/2569 17:40,-
คลองสองต้นนุ่น (มอเตอร์เวย์),01/10/2569 17:35,0.87
คลองสองต้นนุ่น (มอเตอร์เวย์),01/10/2569 17:40,-
คลองประเวศบุรีรมย์ (ปตร.ลาดกระบัง),01/10/2569 17:35,0.73
คลองประเวศบุรีรมย์ (ปตร.ลาดกระบัง),01/10/2569 17:40,-
คลองสองต้นนุ่น,01/10/2569 17:45,0.80
คลองสองต้นนุ่น,01/10/2569 17:50,-
คลองสองต้นนุ่น (มอเตอร์เวย์),01/10/2569 17:45,0.87
คลองสองต้นนุ่น (มอเตอร์เวย์),01/10/2569 17:50,-
คลองประเวศบุรีรมย์ (ปตร.ลาดกระบัง),01/10/2569 17:45,0.73
คลองประเวศบุรีรมย์ (ปตร.ลาดกระบัง),01/10/2569 17:50,-
คลองสองต้นนุ่น,01/10/2569 17:55,0.80
คลองสองต้นนุ่น,01/10/2569 18:00,-
คลองสองต้นนุ่น (มอเตอร์เวย์),01/10/2569 17:55,0.87
คลองสองต้นนุ่น (มอเตอร์เวย์),01/10/2569 18:00,-
คลองประเวศบุรีรมย์ (ปตร.ลาดกระบัง),01/10/2569 17:55,0.73
คลองประเวศบุรีรมย์ (ปตร.ลาดกระบัง),01/10/2569 18:00,-
คลองสองต้นนุ่น,01/10/2569 18:05,0.80
คลองสองต้นนุ่น,01/10/2569 18:10,-
คลองสองต้นนุ่น (มอเตอร์เวย์),01/10/2569 18:05,0.87
คลองสองต้นนุ่น (มอเตอร์เวย์),01/10/2569 18:10,-
คลองประเวศบุรีรมย์ (ปตร.ลาดกระบัง),01/10/2569 18:05,0.73
คลองประเวศบุรีรมย์ (ปตร.ลาดกระบัง),01/10/2569 18:10,-
คลองสองต้นนุ่น,01/10/2569 18:15,0.80
คลองสองต้นนุ่น,01/10/2569 18:20,-
คลองสองต้นนุ่น (มอเตอร์เวย์),01/10/2569 18:15,0.87
คลองสองต้นนุ่น (มอเตอร์เวย์),01/10/2569 18:20,-
คลองประเวศบุรีรมย์ (ปตร.ลาดกระบัง),01/10/2569 18:15,0.73
คลองประเวศบุรีรมย์ (ปตร.ลาดกระบัง),01/10/2569 18:20,-
คลองสองต้นนุ่น,01/10/2569 18:25,-
คลองสองต้นนุ่น (มอเตอร์เวย์),01/10/2569 18:25,-
คลองประเวศบุรีรมย์ (ปตร.ลาดกระบัง),01/10/2569 18:25,-
คลองสองต้นนุ่น,01/10/2569 18:30,-
คลองสองต้นนุ่น (มอเตอร์เวย์),01/10/2569 18:30,-
คลองประเวศบุรีรมย์ (ปตร.ลาดกระบัง),01/10/2569 18:30,-
คลองสองต้นนุ่น,01/10/2569 18:35,-
คลองสองต้นนุ่น (มอเตอร์เวย์),01/10/2569 18:35,-
คลองประเวศบุรีรมย์ (ปตร.ลาดกระบัง),01/10/2569 18:35,0.72
คลองสองต้นนุ่น,01/10/2569 18:40,-
คลองสองต้นนุ่น (มอเตอร์เวย์),01/10/2569 18:40,-
คลองประเวศบุรีรมย์ (ปตร.ลาดกระบัง),01/10/2569 18:40,-
คลองสองต้นนุ่น,01/10/2569 18:45,0.80
คลองสองต้นนุ่น (มอเตอร์เวย์),01/10/2569 18:45,0.87
คลองประเวศบุรีรมย์ (ปตร.ลาดกระบัง),01/10/2569 18:45,0.72
คลองสองต้นนุ่น,01/10/2569 18:50,-
คลองสองต้นนุ่น (มอเตอร์เวย์),01/10/2569 18:50,-
คลองประเวศบุรีรมย์ (ปตร.ลาดกระบัง),01/10/2569 18:50,-
คลองสองต้นนุ่น,01/10/2569 18:55,-
คลองสองต้นนุ่น (มอเตอร์เวย์),01/10/2569 18:55,-
คลองประเวศบุรีรมย์ (ปตร.ลาดกระบัง),01/10/2569 18:55,-
คลองสองต้นนุ่น,01/10/2569 19:00,-
คลองสองต้นนุ่น (มอเตอร์เวย์),01/10/2569 19:00,-
คลองประเวศบุรีรมย์ (ปตร.ลาดกระบัง),01/10/2569 19:00,-
คลองสองต้นนุ่น,01/10/2569 19:05,0.79
คลองสองต้นนุ่น (มอเตอร์เวย์),01/10/2569 19:05,0.87
คลองประเวศบุรีรมย์ (ปตร.ลาดกระบัง),01/10/2569 19:05,0.72
คลองสองต้นนุ่น,01/10/2569 19:10,-
คลองสองต้นนุ่น (มอเตอร์เวย์),01/10/2569 19:10,-
คลองประเวศบุรีรมย์ (ปตร.ลาดกระบัง),01/10/2569 19:10,-
คลองสองต้นนุ่น,01/10/2569 19:15,0.79
คลองสองต้นนุ่น (มอเตอร์เวย์),01/10/2569 19:15,0.87
คลองประเวศบุรีรมย์ (ปตร.ลาดกระบัง),01/10/2569 19:15,0.73
คลองสองต้นนุ่น,01/10/2569 19:20,-
คลองสองต้นนุ่น (มอเตอร์เวย์),01/10/2569 19:20,-
คลองประเวศบุรีรมย์ (ปตร.ลาดกระบัง),01/10/2569 19:20,-
คลองสองต้นนุ่น,01/10/2569 19:25,0.79
คลองสองต้นนุ่น (มอเตอร์เวย์),01/10/2569 19:25,0.87
คลองประเวศบุรีรมย์ (ปตร.ลาดกระบัง),01/10/2569 19:25,-
คลองสองต้นนุ่น,01/10/2569 19:30,-
คลองสองต้นนุ่น (มอเตอร์เวย์),01/10/2569 19:30,-
คลองประเวศบุรีรมย์ (ปตร.ลาดกระบัง),01/10/2569 19:30,-
คลองสองต้นนุ่น,01/10/2569 19:35,-
คลองสองต้นนุ่น (มอเตอร์เวย์),01/10/2569 19:35,-
คลองประเวศบุรีรมย์ (ปตร.ลาดกระบัง),01/10/2569 19:35,0.72
คลองสองต้นนุ่น,01/10/2569 19:40,-
คลองสองต้นนุ่น (มอเตอร์เวย์),01/10/2569 19:40,-
คลองประเวศบุรีรมย์ (ปตร.ลาดกระบัง),01/10/2569 19:40,-
คลองสองต้นนุ่น,01/10/2569 19:45,0.79
คลองสองต้นนุ่น (มอเตอร์เวย์),01/10/2569 19:45,0.87
คลองประเวศบุรีรมย์ (ปตร.ลาดกระบัง),01/10/2569 19:45,0.72
คลองสองต้นนุ่น,01/10/2569 19:50,-
คลองสองต้นนุ่น (มอเตอร์เวย์),01/10/2569 19:50,-
คลองประเวศบุรีรมย์ (ปตร.ลาดกระบัง),01/10/2569 19:50,-
คลองสองต้นนุ่น,01/10/2569 19:55,0.79
คลองสองต้นนุ่น (มอเตอร์เวย์),01/10/2569 19:55,0.87
คลองประเวศบุรีรมย์ (ปตร.ลาดกระบัง),01/10/2569 19:55,0.73
คลองสองต้นนุ่น,01/10/2569 20:00,-
คลองสองต้นนุ่น (มอเตอร์เวย์),01/10/2569 20:00,-
คลองประเวศบุรีรมย์ (ปตร.ลาดกระบัง),01/10/2569 20:00,0.72
คลองสองต้นนุ่น,01/10/2569 20:05,0.79
คลองสองต้นนุ่น (มอเตอร์เวย์),01/10/2569 20:05,0.87
คลองประเวศบุรีรมย์ (ปตร.ลาดกระบัง),01/10/2569 20:05,0.73
คลองสองต้นนุ่น,01/10/2569 20:10,0.79
คลองสองต้นนุ่น (มอเตอร์เวย์),01/10/2569 20:10,0.87
คลองประเวศบุรีรมย์ (ปตร.ลาดกระบัง),01/10/2569 20:10,-
คลองสองต้นนุ่น,01/10/2569 20:15,0.79
คลองสองต้นนุ่น (มอเตอร์เวย์),01/10/2569 20:15,0.87
คลองประเวศบุรีรมย์ (ปตร.ลาดกระบัง),01/10/2569 20:15,0.72
คลองสองต้นนุ่น,01/10/2569 20:20,0.79
คลองสองต้นนุ่น,01/10/2569 20:25,0.79
คลองสองต้นนุ่น (มอเตอร์เวย์),01/10/2569 20:20,0.87
คลองสองต้นนุ่น (มอเตอร์เวย์),01/10/2569 20:25,0.87
คลองประเวศบุรีรมย์ (ปตร.ลาดกระบัง),01/10/2569 20:20,0.72
คลองประเวศบุรีรมย์ (ปตร.ลาดกระบัง),01/10/2569 20:25,0.72
คลองสองต้นนุ่น,01/10/2569 20:30,0.79
คลองสองต้นนุ่น,01/10/2569 20:35,0.79
คลองสองต้นนุ่น (มอเตอร์เวย์),01/10/2569 20:30,0.87
คลองสองต้นนุ่น (มอเตอร์เวย์),01/10/2569 20:35,0.87
คลองประเวศบุรีรมย์ (ปตร.ลาดกระบัง),01/10/2569 20:30,0.72
คลองประเวศบุรีรมย์ (ปตร.ลาดกระบัง),01/10/2569 20:35,0.72
คลองสองต้นนุ่น,01/10/2569 20:40,0.79
คลองสองต้นนุ่น,01/10/2569 20:45,0.79
คลองสองต้นนุ่น (มอเตอร์เวย์),01/10/2569 20:40,0.87
คลองสองต้นนุ่น (มอเตอร์เวย์),01/10/2569 20:45,0.87
คลองประเวศบุรีรมย์ (ปตร.ลาดกระบัง),01/10/2569 20:40,0.73
คลองประเวศบุรีรมย์ (ปตร.ลาดกระบัง),01/10/2569 20:45,0.71
คลองสองต้นนุ่น,01/10/2569 20:50,0.79
คลองสองต้นนุ่น,01/10/2569 20:55,0.79
คลองสองต้นนุ่น (มอเตอร์เวย์),01/10/2569 20:50,0.87
คลองสองต้นนุ่น (มอเตอร์เวย์),01/10/2569 20:55,0.86
คลองประเวศบุรีรมย์ (ปตร.ลาดกระบัง),01/10/2569 20:50,0.71
คลองประเวศบุรีรมย์ (ปตร.ลาดกระบัง),01/10/2569 20:55,0.71
คลองสองต้นนุ่น,01/10/2569 21:00,0.79
คลองสองต้นนุ่น,01/10/2569 21:05,0.79
คลองสองต้นนุ่น (มอเตอร์เวย์),01/10/2569 21:00,0.86
คลองสองต้นนุ่น (มอเตอร์เวย์),01/10/2569 21:05,0.86
คลองประเวศบุรีรมย์ (ปตร.ลาดกระบัง),01/10/2569 21:00,0.70
คลองประเวศบุรีรมย์ (ปตร.ลาดกระบัง),01/10/2569 21:05,0.70
คลองสองต้นนุ่น,01/10/2569 21:10,0.79
คลองสองต้นนุ่น,01/10/2569 21:15,0.79
คลองสองต้นนุ่น (มอเตอร์เวย์),01/10/2569 21:10,0.86
คลองสองต้นนุ่น (มอเตอร์เวย์),01/10/2569 21:15,0.86
คลองประเวศบุรีรมย์ (ปตร.ลาดกระบัง),01/10/2569 21:10,0.70
คลองประเวศบุรีรมย์ (ปตร.ลาดกระบัง),01/10/2569 21:15,0.70
คลองสองต้นนุ่น,01/10/2569 21:20,0.79
คลองสองต้นนุ่น,01/10/2569 21:25,0.79
คลองสองต้นนุ่น (มอเตอร์เวย์),01/10/2569 21:20,0.86
คลองสองต้นนุ่น (มอเตอร์เวย์),01/10/2569 21:25,0.86
คลองประเวศบุรีรมย์ (ปตร.ลาดกระบัง),01/10/2569 21:20,0.70
คลองประเวศบุรีรมย์ (ปตร.ลาดกระบัง),01/10/2569 21:25,0.70
คลองสองต้นนุ่น,01/10/2569 21:30,0.79
คลองสองต้นนุ่น,01/10/2569 21:35,0.79
คลองสองต้นนุ่น (มอเตอร์เวย์),01/10/2569 21:30,0.85
คลองสองต้นนุ่น (มอเตอร์เวย์),01/10/2569 21:35,0.85
คลองประเวศบุรีรมย์ (ปตร.ลาดกระบัง),01/10/2569 21:30,0.70
คลองประเวศบุรีรมย์ (ปตร.ลาดกระบัง),01/10/2569 21:35,0.69
คลองสองต้นนุ่น,01/10/2569 21:40,0.79
คลองสองต้นนุ่น,01/10/2569 21:45,0.79
คลองสองต้นนุ่น (มอเตอร์เวย์),01/10/2569 21:40,0.85
คลองสองต้นนุ่น (มอเตอร์เวย์),01/10/2569 21:45,0.85
คลองประเวศบุรีรมย์ (ปตร.ลาดกระบัง),01/10/2569 21:40,0.69
คลองประเวศบุรีรมย์ (ปตร.ลาดกระบัง),01/10/2569 21:45,0.69
คลองสองต้นนุ่น,01/10/2569 21:50,0.79
คลองสองต้นนุ่น,01/10/2569 21:55,0.79
คลองสองต้นนุ่น (มอเตอร์เวย์),01/10/2569 21:50,0.85
คลองสองต้นนุ่น (มอเตอร์เวย์),01/10/2569 21:55,0.85
คลองประเวศบุรีรมย์ (ปตร.ลาดกระบัง),01/10/2569 21:50,0.69
คลองประเวศบุรีรมย์ (ปตร.ลาดกระบัง),01/10/2569 21:55,0.69
คลองสองต้นนุ่น,01/10/2569 22:00,0.79
คลองสองต้นนุ่น,01/10/2569 22:05,0.79
คลองสองต้นนุ่น (มอเตอร์เวย์),01/10/2569 22:00,0.85
คลองสองต้นนุ่น (มอเตอร์เวย์),01/10/2569 22:05,0.85
คลองประเวศบุรีรมย์ (ปตร.ลาดกระบัง),01/10/2569 22:00,0.69
คลองประเวศบุรีรมย์ (ปตร.ลาดกระบัง),01/10/2569 22:05,0.69
คลองสองต้นนุ่น,01/10/2569 22:10,0.79
คลองสองต้นนุ่น,01/10/2569 22:15,0.79
คลองสองต้นนุ่น (มอเตอร์เวย์),01/10/2569 22:10,0.85
คลองสองต้นนุ่น (มอเตอร์เวย์),01/10/2569 22:15,0.85
คลองประเวศบุรีรมย์ (ปตร.ลาดกระบัง),01/10/2569 22:10,0.69
คลองประเวศบุรีรมย์ (ปตร.ลาดกระบัง),01/10/2569 22:15,0.69
คลองสองต้นนุ่น,01/10/2569 22:20,0.79
คลองสองต้นนุ่น,01/10/2569 22:25,0.79
คลองสองต้นนุ่น (มอเตอร์เวย์),01/10/2569 22:20,0.85
คลองสองต้นนุ่น (มอเตอร์เวย์),01/10/2569 22:25,0.85
คลองประเวศบุรีรมย์ (ปตร.ลาดกระบัง),01/10/2569 22:20,0.69
คลองประเวศบุรีรมย์ (ปตร.ลาดกระบัง),01/10/2569 22:25,0.69
คลองสองต้นนุ่น,01/10/2569 22:30,0.79
คลองสองต้นนุ่น,01/10/2569 22:35,0.79
คลองสองต้นนุ่น (มอเตอร์เวย์),01/10/2569 22:30,0.85
คลองสองต้นนุ่น (มอเตอร์เวย์),01/10/2569 22:35,0.85
คลองประเวศบุรีรมย์ (ปตร.ลาดกระบัง),01/10/2569 22:30,0.69
คลองประเวศบุรีรมย์ (ปตร.ลาดกระบัง),01/10/2569 22:35,0.69
คลองสองต้นนุ่น,01/10/2569 22:40,0.79
คลองสองต้นนุ่น,01/10/2569 22:45,0.79
คลองสองต้นนุ่น (มอเตอร์เวย์),01/10/2569 22:40,0.85
คลองสองต้นนุ่น (มอเตอร์เวย์),01/10/2569 22:45,0.85
คลองประเวศบุรีรมย์ (ปตร.ลาดกระบัง),01/10/2569 22:40,0.69
คลองประเวศบุรีรมย์ (ปตร.ลาดกระบัง),01/10/2569 22:45,0.69
คลองสองต้นนุ่น,01/10/2569 22:50,0.79
คลองสองต้นนุ่น,01/10/2569 22:55,0.79
คลองสองต้นนุ่น (มอเตอร์เวย์),01/10/2569 22:50,0.84
คลองสองต้นนุ่น (มอเตอร์เวย์),01/10/2569 22:55,0.84
คลองประเวศบุรีรมย์ (ปตร.ลาดกระบัง),01/10/2569 22:50,0.69
คลองประเวศบุรีรมย์ (ปตร.ลาดกระบัง),01/10/2569 22:55,0.69
คลองสองต้นนุ่น,01/10/2569 23:00,0.79
คลองสองต้นนุ่น,01/10/2569 23:05,0.79
คลองสองต้นนุ่น (มอเตอร์เวย์),01/10/2569 23:00,0.84
คลองสองต้นนุ่น (มอเตอร์เวย์),01/10/2569 23:05,0.84
คลองประเวศบุรีรมย์ (ปตร.ลาดกระบัง),01/10/2569 23:00,0.69
คลองประเวศบุรีรมย์ (ปตร.ลาดกระบัง),01/10/2569 23:05,0.68
คลองสองต้นนุ่น,01/10/2569 23:10,0.79
คลองสองต้นนุ่น,01/10/2569 23:15,0.79
คลองสองต้นนุ่น (มอเตอร์เวย์),01/10/2569 23:10,0.84
คลองสองต้นนุ่น (มอเตอร์เวย์),01/10/2569 23:15,0.84
คลองประเวศบุรีรมย์ (ปตร.ลาดกระบัง),01/10/2569 23:10,0.69
คลองประเวศบุรีรมย์ (ปตร.ลาดกระบัง),01/10/2569 23:15,0.68
คลองสองต้นนุ่น,01/10/2569 23:20,0.78
คลองสองต้นนุ่น,01/10/2569 23:25,0.79
คลองสองต้นนุ่น (มอเตอร์เวย์),01/10/2569 23:20,0.84
คลองสองต้นนุ่น (มอเตอร์เวย์),01/10/2569 23:25,0.84
คลองประเวศบุรีรมย์ (ปตร.ลาดกระบัง),01/10/2569 23:20,0.68
คลองประเวศบุรีรมย์ (ปตร.ลาดกระบัง),01/10/2569 23:25,0.68
คลองสองต้นนุ่น,01/10/2569 23:30,0.78
คลองสองต้นนุ่น,01/10/2569 23:35,0.78
คลองสองต้นนุ่น (มอเตอร์เวย์),01/10/2569 23:30,0.84
คลองสองต้นนุ่น (มอเตอร์เวย์),01/10/2569 23:35,0.84
คลองประเวศบุรีรมย์ (ปตร.ลาดกระบัง),01/10/2569 23:30,0.68
คลองประเวศบุรีรมย์ (ปตร.ลาดกระบัง),01/10/2569 23:35,0.68
คลองสองต้นนุ่น,01/10/2569 23:40,0.79
คลองสองต้นนุ่น,01/10/2569 23:45,0.78
คลองสองต้นนุ่น (มอเตอร์เวย์),01/10/2569 23:40,0.84
คลองสองต้นนุ่น (มอเตอร์เวย์),01/10/2569 23:45,0.84
คลองประเวศบุรีรมย์ (ปตร.ลาดกระบัง),01/10/2569 23:40,0.69
คลองประเวศบุรีรมย์ (ปตร.ลาดกระบัง),01/10/2569 23:45,0.68
คลองสองต้นนุ่น,01/10/2569 23:50,0.78
คลองสองต้นนุ่น,01/10/2569 23:55,0.78
คลองสองต้นนุ่น (มอเตอร์เวย์),01/10/2569 23:50,0.84
คลองสองต้นนุ่น (มอเตอร์เวย์),01/10/2569 23:55,0.84
คลองประเวศบุรีรมย์ (ปตร.ลาดกระบัง),01/10/2569 23:50,0.68
คลองประเวศบุรีรมย์ (ปตร.ลาดกระบัง),01/10/2569 23:55,0.68
คลองสองต้นนุ่น,01/10/2569 23:50,0.78
คลองสองต้นนุ่น,01/10/2569 23:55,0.78
คลองสองต้นนุ่น (มอเตอร์เวย์),01/10/2569 23:50,0.84
คลองสองต้นนุ่น (มอเตอร์เวย์),01/10/2569 23:55,0.84
คลองประเวศบุรีรมย์ (ปตร.ลาดกระบัง),01/10/2569 23:50,0.68
คลองประเวศบุรีรมย์ (ปตร.ลาดกระบัง),01/10/2569 23:55,0.68
